"../../../Engine/Plugins/Animation/ACLPlugin/Content/ACLAnimCurveCompressionSettings.uasset" 0
"../../../Engine/Plugins/Animation/ACLPlugin/Content/ACLAnimCurveCompressionSettings.uexp" 1
"../../../Engine/Plugins/Animation/ACLPlugin/Content/ACLAnimBoneCompressionSettings.uasset" 2
"../../../Engine/Plugins/Animation/ACLPlugin/Content/ACLAnimBoneCompressionSettings.uexp" 3
"../../../Engine/Plugins/2D/Paper2D/Content/PlaceholderTextures/DummySpriteTexture.ubulk" 4
"../../../Engine/Plugins/2D/Paper2D/Content/PlaceholderTextures/DummySpriteTexture.uasset" 5
"../../../Engine/Plugins/2D/Paper2D/Content/PlaceholderTextures/DummySpriteTexture.uexp" 6
"../../../Engine/Plugins/2D/Paper2D/Content/DummySprite.uasset" 7
"../../../Engine/Plugins/2D/Paper2D/Content/DummySprite.uexp" 8
"../../../Engine/Plugins/2D/Paper2D/Content/DefaultPaperTerrainMaterial.uasset" 9
"../../../Engine/Plugins/2D/Paper2D/Content/DefaultPaperTerrainMaterial.uexp" 10
"../../../Engine/Content/EngineSounds/Master.uasset" 11
"../../../Engine/Content/EngineSounds/Master.uexp" 12
"../../../Engine/Content/EngineMaterials/DefaultPhysicalMaterial.uasset" 13
"../../../Engine/Content/EngineMaterials/DefaultPhysicalMaterial.uexp" 14
"../../../Engine/Content/EngineMaterials/DefaultDestructiblePhysicalMaterial.uasset" 15
"../../../Engine/Content/EngineMaterials/DefaultDestructiblePhysicalMaterial.uexp" 16
"../../../Engine/Content/EngineFonts/Faces/DroidSansFallback.uexp" 17
"../../../Engine/Content/EngineFonts/Faces/DroidSansFallback.uasset" 18
"../../../Engine/Content/EngineFonts/Faces/DroidSansFallback.ufont" 19
"../../../Engine/Content/EngineFonts/Faces/RobotoRegular.uexp" 20
"../../../Engine/Content/EngineFonts/Faces/RobotoRegular.uasset" 21
"../../../Engine/Content/EngineFonts/Faces/RobotoRegular.ufont" 22
"../../../Engine/Content/EngineFonts/Faces/RobotoLight.uexp" 23
"../../../Engine/Content/EngineFonts/Faces/RobotoLight.uasset" 24
"../../../Engine/Content/EngineFonts/Faces/RobotoLight.ufont" 25
"../../../Engine/Content/EngineFonts/Faces/RobotoItalic.uexp" 26
"../../../Engine/Content/EngineFonts/Faces/RobotoItalic.uasset" 27
"../../../Engine/Content/EngineFonts/Faces/RobotoItalic.ufont" 28
"../../../Engine/Content/EngineFonts/Faces/RobotoBoldItalic.uexp" 29
"../../../Engine/Content/EngineFonts/Faces/RobotoBoldItalic.uasset" 30
"../../../Engine/Content/EngineFonts/Faces/RobotoBoldItalic.ufont" 31
"../../../Engine/Content/EngineFonts/Faces/RobotoBold.uexp" 32
"../../../Engine/Content/EngineFonts/Faces/RobotoBold.uasset" 33
"../../../Engine/Content/EngineFonts/Faces/RobotoBold.ufont" 34
"../../../Engine/Content/EngineFonts/Roboto.uasset" 35
"../../../Engine/Content/EngineFonts/Roboto.uexp" 36
"../../../Engine/Content/EngineFonts/Faces/DroidSansMono.uexp" 37
"../../../Engine/Content/EngineFonts/Faces/DroidSansMono.uasset" 38
"../../../Engine/Content/EngineFonts/Faces/DroidSansMono.ufont" 39
"../../../Engine/Content/EngineFonts/DroidSansMono.uasset" 40
"../../../Engine/Content/EngineFonts/DroidSansMono.uexp" 41
"../../../Engine/Content/Animation/DefaultVariableFrameStrippingSettings.uasset" 42
"../../../Engine/Content/Animation/DefaultVariableFrameStrippingSettings.uexp" 43
"../../../Engine/Content/Animation/DefaultRecorderBoneCompression.uasset" 44
"../../../Engine/Content/Animation/DefaultRecorderBoneCompression.uexp" 45
"../../../Engine/Plugins/Interchange/Runtime/Content/Pipelines/DefaultTexturePipeline.uasset" 46
"../../../Engine/Plugins/Interchange/Runtime/Content/Pipelines/DefaultTexturePipeline.uexp" 47
"../../../Engine/Plugins/Interchange/Runtime/Content/Pipelines/DefaultSceneLevelPipeline.uasset" 48
"../../../Engine/Plugins/Interchange/Runtime/Content/Pipelines/DefaultSceneLevelPipeline.uexp" 49
"../../../Engine/Plugins/Interchange/Runtime/Content/Pipelines/DefaultSceneAssetsPipeline.uasset" 50
"../../../Engine/Plugins/Interchange/Runtime/Content/Pipelines/DefaultSceneAssetsPipeline.uexp" 51
"../../../Engine/Plugins/Interchange/Runtime/Content/Pipelines/DefaultMaterialXPipeline.uasset" 52
"../../../Engine/Plugins/Interchange/Runtime/Content/Pipelines/DefaultMaterialXPipeline.uexp" 53
"../../../Engine/Plugins/Interchange/Runtime/Content/Pipelines/DefaultMaterialPipeline.uasset" 54
"../../../Engine/Plugins/Interchange/Runtime/Content/Pipelines/DefaultMaterialPipeline.uexp" 55
"../../../Engine/Plugins/Interchange/Runtime/Content/Pipelines/DefaultGLTFSceneAssetsPipeline.uasset" 56
"../../../Engine/Plugins/Interchange/Runtime/Content/Pipelines/DefaultGLTFSceneAssetsPipeline.uexp" 57
"../../../Engine/Plugins/Interchange/Runtime/Content/Pipelines/DefaultGLTFPipeline.uasset" 58
"../../../Engine/Plugins/Interchange/Runtime/Content/Pipelines/DefaultGLTFPipeline.uexp" 59
"../../../Engine/Plugins/Interchange/Runtime/Content/Pipelines/DefaultGLTFAssetsPipeline.uasset" 60
"../../../Engine/Plugins/Interchange/Runtime/Content/Pipelines/DefaultGLTFAssetsPipeline.uexp" 61
"../../../Engine/Plugins/Interchange/Runtime/Content/Pipelines/DefaultAssetsPipeline.uasset" 62
"../../../Engine/Plugins/Interchange/Runtime/Content/Pipelines/DefaultAssetsPipeline.uexp" 63
"../../../Engine/Plugins/Animation/ControlRig/Content/Controls/DefaultGizmoLibraryNormalized.uasset" 64
"../../../Engine/Plugins/Animation/ControlRig/Content/Controls/DefaultGizmoLibraryNormalized.uexp" 65
"../../../Engine/Content/MobileResources/HUD/VirtualJoystick_Thumb.uasset" 66
"../../../Engine/Content/MobileResources/HUD/VirtualJoystick_Thumb.uexp" 67
"../../../Engine/Content/MobileResources/HUD/VirtualJoystick_Background.uasset" 68
"../../../Engine/Content/MobileResources/HUD/VirtualJoystick_Background.uexp" 69
"../../../Engine/Content/MobileResources/HUD/DefaultVirtualJoysticks.uasset" 70
"../../../Engine/Content/MobileResources/HUD/DefaultVirtualJoysticks.uexp" 71
"../../../Engine/Content/EngineResources/GradientTexture0.uasset" 72
"../../../Engine/Content/EngineResources/GradientTexture0.uexp" 73
"../../../Engine/Content/EngineResources/Black.uasset" 74
"../../../Engine/Content/EngineResources/Black.uexp" 75
"../../../Engine/Content/EditorResources/S_Actor.ubulk" 76
"../../../Engine/Content/EditorResources/S_Actor.uasset" 77
"../../../Engine/Content/EditorResources/S_Actor.uexp" 78
"../../../Engine/Content/EditorResources/S_Trigger.ubulk" 79
"../../../Engine/Content/EditorResources/S_Trigger.uasset" 80
"../../../Engine/Content/EditorResources/S_Trigger.uexp" 81
"../../../Engine/Plugins/NNE/NNEDenoiser/Content/NNEDTOM_Output_Default.uasset" 82
"../../../Engine/Plugins/NNE/NNEDenoiser/Content/NNEDTOM_Output_Default.uexp" 83
"../../../Engine/Plugins/NNE/NNEDenoiser/Content/NNEDTOM_Output_Alpha.uasset" 84
"../../../Engine/Plugins/NNE/NNEDenoiser/Content/NNEDTOM_Output_Alpha.uexp" 85
"../../../Engine/Plugins/NNE/NNEDenoiser/Content/NNEDTIM_ColorAlbedoNormal_Default.uasset" 86
"../../../Engine/Plugins/NNE/NNEDenoiser/Content/NNEDTIM_ColorAlbedoNormal_Default.uexp" 87
"../../../Engine/Plugins/NNE/NNEDenoiser/Content/NNEDTIM_ColorAlbedoNormal_Alpha.uasset" 88
"../../../Engine/Plugins/NNE/NNEDenoiser/Content/NNEDTIM_ColorAlbedoNormal_Alpha.uexp" 89
"../../../Engine/Plugins/NNE/NNEDenoiser/Content/NNEDOM_Output_Default.uasset" 90
"../../../Engine/Plugins/NNE/NNEDenoiser/Content/NNEDOM_Output_Default.uexp" 91
"../../../Engine/Plugins/NNE/NNEDenoiser/Content/NNEDOM_Output_Alpha.uasset" 92
"../../../Engine/Plugins/NNE/NNEDenoiser/Content/NNEDOM_Output_Alpha.uexp" 93
"../../../Engine/Plugins/NNE/NNEDenoiser/Content/NNEDIM_HighQuality_Default.uasset" 94
"../../../Engine/Plugins/NNE/NNEDenoiser/Content/NNEDIM_HighQuality_Default.uexp" 95
"../../../Engine/Plugins/NNE/NNEDenoiser/Content/NNEDIM_HighQuality_Alpha.uasset" 96
"../../../Engine/Plugins/NNE/NNEDenoiser/Content/NNEDIM_HighQuality_Alpha.uexp" 97
"../../../Engine/Plugins/NNE/NNEDenoiser/Content/NNEDIM_ColorAlbedoNormal_Default.uasset" 98
"../../../Engine/Plugins/NNE/NNEDenoiser/Content/NNEDIM_ColorAlbedoNormal_Default.uexp" 99
"../../../Engine/Plugins/NNE/NNEDenoiser/Content/NNEDIM_ColorAlbedoNormal_Alpha.uasset" 100
"../../../Engine/Plugins/NNE/NNEDenoiser/Content/NNEDIM_ColorAlbedoNormal_Alpha.uexp" 101
"../../../Engine/Content/EngineMaterials/T_Default_Material_Grid_M.ubulk" 102
"../../../Engine/Content/EngineMaterials/T_Default_Material_Grid_M.uasset" 103
"../../../Engine/Content/EngineMaterials/T_Default_Material_Grid_M.uexp" 104
"../../../Engine/Content/Functions/Engine_MaterialFunctions01/Opacity/CameraDepthFade.uasset" 105
"../../../Engine/Content/Functions/Engine_MaterialFunctions01/Opacity/CameraDepthFade.uexp" 106
"../../../Engine/Content/EngineMaterials/T_Default_Material_Grid_N.ubulk" 107
"../../../Engine/Content/EngineMaterials/T_Default_Material_Grid_N.uasset" 108
"../../../Engine/Content/EngineMaterials/T_Default_Material_Grid_N.uexp" 109
"../../../Engine/Content/EngineMaterials/WorldGridMaterial.uasset" 110
"../../../Engine/Content/EngineMaterials/WorldGridMaterial.uexp" 111
"../../../Engine/Plugins/Media/MediaPlate/Content/SM_MediaPlateScreen.ubulk" 112
"../../../Engine/Plugins/Media/MediaPlate/Content/SM_MediaPlateScreen.uasset" 113
"../../../Engine/Plugins/Media/MediaPlate/Content/SM_MediaPlateScreen.uexp" 114
"../../../Engine/Content/Functions/Engine_MaterialFunctions02/WorldPositionOffset/CameraOffset.uasset" 115
"../../../Engine/Content/Functions/Engine_MaterialFunctions02/WorldPositionOffset/CameraOffset.uexp" 116
"../../../Engine/Plugins/Animation/ControlRig/Content/M_Manip.uasset" 117
"../../../Engine/Plugins/Animation/ControlRig/Content/M_Manip.uexp" 118
"../../../Engine/Content/EditorResources/S_BoxReflectionCapture.uasset" 119
"../../../Engine/Content/EditorResources/S_BoxReflectionCapture.uexp" 120
"../../../Engine/Content/EngineResources/DefaultTexture.ubulk" 121
"../../../Engine/Content/EngineResources/DefaultTexture.uasset" 122
"../../../Engine/Content/EngineResources/DefaultTexture.uexp" 123
"../../../Engine/Content/EngineMeshes/Sphere.ubulk" 124
"../../../Engine/Content/EngineMeshes/Sphere.uasset" 125
"../../../Engine/Content/EngineMeshes/Sphere.uexp" 126
"../../../Engine/Content/EngineMaterials/RemoveSurfaceMaterial.uasset" 127
"../../../Engine/Content/EngineMaterials/RemoveSurfaceMaterial.uexp" 128
"../../../Engine/Content/EngineMaterials/PreintegratedSkinBRDF.uasset" 129
"../../../Engine/Content/EngineMaterials/PreintegratedSkinBRDF.uexp" 130
"../../../Engine/Content/EngineMaterials/DefaultCalibrationGrayscale.uasset" 131
"../../../Engine/Content/EngineMaterials/DefaultCalibrationGrayscale.uexp" 132
"../../../Engine/Content/EngineMaterials/PPM_DefaultCalibrationGrayscale.uasset" 133
"../../../Engine/Content/EngineMaterials/PPM_DefaultCalibrationGrayscale.uexp" 134
"../../../Engine/Content/EngineMaterials/DefaultCalibrationColor.uasset" 135
"../../../Engine/Content/EngineMaterials/DefaultCalibrationColor.uexp" 136
"../../../Engine/Content/EngineMaterials/PPM_DefaultCalibrationColor.uasset" 137
"../../../Engine/Content/EngineMaterials/PPM_DefaultCalibrationColor.uexp" 138
"../../../Engine/Content/EngineMaterials/PhAT_JointLimitMaterial.uasset" 139
"../../../Engine/Content/EngineMaterials/PhAT_JointLimitMaterial.uexp" 140
"../../../Engine/Content/EngineMaterials/NaniteHiddenSectionMaterial.uasset" 141
"../../../Engine/Content/EngineMaterials/NaniteHiddenSectionMaterial.uexp" 142
"../../../Engine/Content/EngineMaterials/InvalidLightmapSettings.ubulk" 143
"../../../Engine/Content/EngineMaterials/InvalidLightmapSettings.uasset" 144
"../../../Engine/Content/EngineMaterials/InvalidLightmapSettings.uexp" 145
"../../../Engine/Content/EngineMaterials/M_InvalidLightmapSettings.uasset" 146
"../../../Engine/Content/EngineMaterials/M_InvalidLightmapSettings.uexp" 147
"../../../Engine/Content/EngineMaterials/MiniFont.uasset" 148
"../../../Engine/Content/EngineMaterials/MiniFont.uexp" 149
"../../../Engine/Content/EngineMaterials/GizmoMaterial.uasset" 150
"../../../Engine/Content/EngineMaterials/GizmoMaterial.uexp" 151
"../../../Engine/Content/EngineMaterials/BaseFlattenDiffuseMap_VT.ubulk" 152
"../../../Engine/Content/EngineMaterials/BaseFlattenDiffuseMap_VT.uasset" 153
"../../../Engine/Content/EngineMaterials/BaseFlattenDiffuseMap_VT.uexp" 154
"../../../Engine/Content/EngineMaterials/BaseFlattenEmissiveMap_VT.ubulk" 155
"../../../Engine/Content/EngineMaterials/BaseFlattenEmissiveMap_VT.uasset" 156
"../../../Engine/Content/EngineMaterials/BaseFlattenEmissiveMap_VT.uexp" 157
"../../../Engine/Content/EngineMaterials/BaseFlattenGrayscaleMap_VT.ubulk" 158
"../../../Engine/Content/EngineMaterials/BaseFlattenGrayscaleMap_VT.uasset" 159
"../../../Engine/Content/EngineMaterials/BaseFlattenGrayscaleMap_VT.uexp" 160
"../../../Engine/Content/EngineMaterials/BaseFlattenLinearColor_VT.ubulk" 161
"../../../Engine/Content/EngineMaterials/BaseFlattenLinearColor_VT.uasset" 162
"../../../Engine/Content/EngineMaterials/BaseFlattenLinearColor_VT.uexp" 163
"../../../Engine/Content/EngineMaterials/BaseFlattenNormalMap_VT.ubulk" 164
"../../../Engine/Content/EngineMaterials/BaseFlattenNormalMap_VT.uasset" 165
"../../../Engine/Content/EngineMaterials/BaseFlattenNormalMap_VT.uexp" 166
"../../../Engine/Content/EngineMaterials/Black_1x1_EXR_Texture_VT.ubulk" 167
"../../../Engine/Content/EngineMaterials/Black_1x1_EXR_Texture_VT.uasset" 168
"../../../Engine/Content/EngineMaterials/Black_1x1_EXR_Texture_VT.uexp" 169
"../../../Engine/Content/EngineMaterials/FlattenMaterial_WS_Normal_VT.uasset" 170
"../../../Engine/Content/EngineMaterials/FlattenMaterial_WS_Normal_VT.uexp" 171
"../../../Engine/Content/EngineMaterials/FlattenMaterial_VT.uasset" 172
"../../../Engine/Content/EngineMaterials/FlattenMaterial_VT.uexp" 173
"../../../Engine/Content/EngineMaterials/BaseFlattenLinearColor.uasset" 174
"../../../Engine/Content/EngineMaterials/BaseFlattenLinearColor.uexp" 175
"../../../Engine/Content/EngineMaterials/BaseFlattenNormalMap.uasset" 176
"../../../Engine/Content/EngineMaterials/BaseFlattenNormalMap.uexp" 177
"../../../Engine/Content/EngineMaterials/BaseFlattenDiffuseMap.uasset" 178
"../../../Engine/Content/EngineMaterials/BaseFlattenDiffuseMap.uexp" 179
"../../../Engine/Content/EngineMaterials/BaseFlattenEmissiveMap.uasset" 180
"../../../Engine/Content/EngineMaterials/BaseFlattenEmissiveMap.uexp" 181
"../../../Engine/Content/EngineMaterials/BaseFlattenGrayscaleMap.uasset" 182
"../../../Engine/Content/EngineMaterials/BaseFlattenGrayscaleMap.uexp" 183
"../../../Engine/Content/Functions/Engine_MaterialFunctions02/PivotPainter2/Black_1x1_EXR_Texture.uasset" 184
"../../../Engine/Content/Functions/Engine_MaterialFunctions02/PivotPainter2/Black_1x1_EXR_Texture.uexp" 185
"../../../Engine/Content/EngineMaterials/FlattenMaterial.uasset" 186
"../../../Engine/Content/EngineMaterials/FlattenMaterial.uexp" 187
"../../../Engine/Content/EngineMaterials/FastBlueNoise_vec2_128x128x64.uasset" 188
"../../../Engine/Content/EngineMaterials/FastBlueNoise_vec2_128x128x64.uexp" 189
"../../../Engine/Content/EngineMaterials/FastBlueNoise_scalar_128x128x8.uasset" 190
"../../../Engine/Content/EngineMaterials/FastBlueNoise_scalar_128x128x8.uexp" 191
"../../../Engine/Content/EngineMaterials/FastBlueNoise_scalar_128x128x64.uasset" 192
"../../../Engine/Content/EngineMaterials/FastBlueNoise_scalar_128x128x64.uexp" 193
"../../../Engine/Content/EngineMaterials/DefaultWhiteGrid_Low.uasset" 194
"../../../Engine/Content/EngineMaterials/DefaultWhiteGrid_Low.uexp" 195
"../../../Engine/Content/EngineMaterials/EmissiveMeshMaterial.uasset" 196
"../../../Engine/Content/EngineMaterials/EmissiveMeshMaterial.uexp" 197
"../../../Engine/Content/EngineMaterials/DefaultWhiteGrid.ubulk" 198
"../../../Engine/Content/EngineMaterials/DefaultWhiteGrid.uasset" 199
"../../../Engine/Content/EngineMaterials/DefaultWhiteGrid.uexp" 200
"../../../Engine/Content/EngineFonts/RobotoDistanceField.uasset" 201
"../../../Engine/Content/EngineFonts/RobotoDistanceField.uexp" 202
"../../../Engine/Content/EngineMaterials/DefaultTextMaterialOpaque.uasset" 203
"../../../Engine/Content/EngineMaterials/DefaultTextMaterialOpaque.uexp" 204
"../../../Engine/Content/Functions/Engine_MaterialFunctions02/Utility/BreakOutFloat2Components.uasset" 205
"../../../Engine/Content/Functions/Engine_MaterialFunctions02/Utility/BreakOutFloat2Components.uexp" 206
"../../../Engine/Content/EngineMaterials/DefaultDiffuse.ubulk" 207
"../../../Engine/Content/EngineMaterials/DefaultDiffuse.uasset" 208
"../../../Engine/Content/EngineMaterials/DefaultDiffuse.uexp" 209
"../../../Engine/Content/EngineMaterials/DefaultPostProcessMaterial.uasset" 210
"../../../Engine/Content/EngineMaterials/DefaultPostProcessMaterial.uexp" 211
"../../../Engine/Content/EngineMaterials/DefaultLightFunctionMaterial.uasset" 212
"../../../Engine/Content/EngineMaterials/DefaultLightFunctionMaterial.uexp" 213
"../../../Engine/Content/EngineMaterials/DefaultDeferredDecalMaterial.uasset" 214
"../../../Engine/Content/EngineMaterials/DefaultDeferredDecalMaterial.uexp" 215
"../../../Engine/Content/EngineMaterials/DefaultBokeh.uasset" 216
"../../../Engine/Content/EngineMaterials/DefaultBokeh.uexp" 217
"../../../Engine/Content/EngineMaterials/DefaultBloomKernel.uasset" 218
"../../../Engine/Content/EngineMaterials/DefaultBloomKernel.uexp" 219
"../../../Engine/Content/Functions/Engine_MaterialFunctions02/Utility/CameraDirectionVector.uasset" 220
"../../../Engine/Content/Functions/Engine_MaterialFunctions02/Utility/CameraDirectionVector.uexp" 221
"../../../Engine/Content/EngineDebugMaterials/VolumeToRender.uasset" 222
"../../../Engine/Content/EngineDebugMaterials/VolumeToRender.uexp" 223
"../../../Engine/Content/EngineDebugMaterials/M_VolumeRenderSphereTracePP.uasset" 224
"../../../Engine/Content/EngineDebugMaterials/M_VolumeRenderSphereTracePP.uexp" 225
"../../../Engine/Content/EngineDebugMaterials/M_SimpleUnlitTranslucent.uasset" 226
"../../../Engine/Content/EngineDebugMaterials/M_SimpleUnlitTranslucent.uexp" 227
"../../../Engine/Content/EngineDebugMaterials/DebugMeshMaterial.uasset" 228
"../../../Engine/Content/EngineDebugMaterials/DebugMeshMaterial.uexp" 229
"../../../Engine/Content/EngineDebugMaterials/DebugEditorMaterial.uasset" 230
"../../../Engine/Content/EngineDebugMaterials/DebugEditorMaterial.uexp" 231
"../../../Engine/Content/EngineDamageTypes/DmgTypeBP_Environmental.uasset" 232
"../../../Engine/Content/EngineDamageTypes/DmgTypeBP_Environmental.uexp" 233
"../../../Engine/Content/EditorResources/S_TriggerSphere.uasset" 234
"../../../Engine/Content/EditorResources/S_TriggerSphere.uexp" 235
"../../../Engine/Content/EditorResources/S_TriggerCapsule.uasset" 236
"../../../Engine/Content/EditorResources/S_TriggerCapsule.uexp" 237
"../../../Engine/Content/EditorResources/S_TriggerBox.uasset" 238
"../../../Engine/Content/EditorResources/S_TriggerBox.uexp" 239
"../../../Engine/Content/EditorResources/S_Terrain.ubulk" 240
"../../../Engine/Content/EditorResources/S_Terrain.uasset" 241
"../../../Engine/Content/EditorResources/S_Terrain.uexp" 242
"../../../Engine/Content/EditorResources/S_Solver.ubulk" 243
"../../../Engine/Content/EditorResources/S_Solver.uasset" 244
"../../../Engine/Content/EditorResources/S_Solver.uexp" 245
"../../../Engine/Content/EditorResources/BSPVertex.uasset" 246
"../../../Engine/Content/EditorResources/BSPVertex.uexp" 247
"../../../Engine/Content/EditorMaterials/PreviewShadowIndicator.ubulk" 248
"../../../Engine/Content/EditorMaterials/PreviewShadowIndicator.uasset" 249
"../../../Engine/Content/EditorMaterials/PreviewShadowIndicator.uexp" 250
"../../../Engine/Content/EditorMaterials/PreviewShadowIndicatorMaterial.uasset" 251
"../../../Engine/Content/EditorMaterials/PreviewShadowIndicatorMaterial.uexp" 252
"../../../Engine/Content/EditorMaterials/PhAT_UnselectedMaterial.uasset" 253
"../../../Engine/Content/EditorMaterials/PhAT_UnselectedMaterial.uexp" 254
"../../../Engine/Content/EditorMaterials/PhAT_NoCollisionMaterial.uasset" 255
"../../../Engine/Content/EditorMaterials/PhAT_NoCollisionMaterial.uexp" 256
"../../../Engine/Content/EditorLandscapeResources/SplineEditorMeshMat.uasset" 257
"../../../Engine/Content/EditorLandscapeResources/SplineEditorMeshMat.uexp" 258
"../../../Engine/Content/EditorLandscapeResources/SplineEditorMesh.ubulk" 259
"../../../Engine/Content/EditorLandscapeResources/SplineEditorMesh.uasset" 260
"../../../Engine/Content/EditorLandscapeResources/SplineEditorMesh.uexp" 261
"../../../Engine/Content/EditorLandscapeResources/WhiteSquareTexture.uasset" 262
"../../../Engine/Content/EditorLandscapeResources/WhiteSquareTexture.uexp" 263
"../../../Engine/Content/EditorLandscapeResources/LayerVisMaterial.uasset" 264
"../../../Engine/Content/EditorLandscapeResources/LayerVisMaterial.uexp" 265
"../../../Engine/Content/Functions/Engine_MaterialFunctions01/Texturing/ScaleUVsByCenter.uasset" 266
"../../../Engine/Content/Functions/Engine_MaterialFunctions01/Texturing/ScaleUVsByCenter.uexp" 267
"../../../Engine/Content/Functions/Engine_MaterialFunctions02/WorldPositionOffset/LocalPosition.uasset" 268
"../../../Engine/Content/Functions/Engine_MaterialFunctions02/WorldPositionOffset/LocalPosition.uexp" 269
"../../../Engine/Content/Functions/Engine_MaterialFunctions01/Texturing/TextureCropping.uasset" 270
"../../../Engine/Content/Functions/Engine_MaterialFunctions01/Texturing/TextureCropping.uexp" 271
"../../../Engine/Content/Functions/Engine_MaterialFunctions02/ExampleContent/DebugNumberStrip.uasset" 272
"../../../Engine/Content/Functions/Engine_MaterialFunctions02/ExampleContent/DebugNumberStrip.uexp" 273
"../../../Engine/Content/Functions/Engine_MaterialFunctions01/Debug/DebugIntValues.uasset" 274
"../../../Engine/Content/Functions/Engine_MaterialFunctions01/Debug/DebugIntValues.uexp" 275
"../../../Engine/Content/EditorLandscapeResources/LandscapeLayerUsageMaterial.uasset" 276
"../../../Engine/Content/EditorLandscapeResources/LandscapeLayerUsageMaterial.uexp" 277
"../../../Engine/Content/EditorLandscapeResources/DefaultAlphaTexture.uasset" 278
"../../../Engine/Content/EditorLandscapeResources/DefaultAlphaTexture.uexp" 279
"../../../Engine/Content/EditorLandscapeResources/LandscapeDirtyMaterial.uasset" 280
"../../../Engine/Content/EditorLandscapeResources/LandscapeDirtyMaterial.uexp" 281
"../../../Engine/Content/EngineMaterials/DefaultMaterial.uasset" 282
"../../../Engine/Content/EngineMaterials/DefaultMaterial.uexp" 283
"../../../Engine/Content/BasicShapes/Sphere.ubulk" 284
"../../../Engine/Content/BasicShapes/Sphere.uasset" 285
"../../../Engine/Content/BasicShapes/Sphere.uexp" 286
"../../../Engine/Content/BasicShapes/Plane.ubulk" 287
"../../../Engine/Content/BasicShapes/Plane.uasset" 288
"../../../Engine/Content/BasicShapes/Plane.uexp" 289
"../../../Engine/Content/BasicShapes/Cylinder.ubulk" 290
"../../../Engine/Content/BasicShapes/Cylinder.uasset" 291
"../../../Engine/Content/BasicShapes/Cylinder.uexp" 292
"../../../Engine/Content/BasicShapes/Cone.ubulk" 293
"../../../Engine/Content/BasicShapes/Cone.uasset" 294
"../../../Engine/Content/BasicShapes/Cone.uexp" 295
"../../../Engine/Content/BasicShapes/BasicShapeMaterial.uasset" 296
"../../../Engine/Content/BasicShapes/BasicShapeMaterial.uexp" 297
"../../../Engine/Plugins/VirtualProduction/CameraCalibrationCore/Content/Materials/M_DefaultOddSquare.uasset" 298
"../../../Engine/Plugins/VirtualProduction/CameraCalibrationCore/Content/Materials/M_DefaultOddSquare.uexp" 299
"../../../Engine/Plugins/VirtualProduction/CameraCalibrationCore/Content/Materials/M_DefaultEvenSquare.uasset" 300
"../../../Engine/Plugins/VirtualProduction/CameraCalibrationCore/Content/Materials/M_DefaultEvenSquare.uexp" 301
"../../../Engine/Plugins/Runtime/HairStrands/Content/Materials/HairMeshesDefaultMaterial.uasset" 302
"../../../Engine/Plugins/Runtime/HairStrands/Content/Materials/HairMeshesDefaultMaterial.uexp" 303
"../../../Engine/Plugins/Runtime/HairStrands/Content/Materials/HairDefaultMaterial.uasset" 304
"../../../Engine/Plugins/Runtime/HairStrands/Content/Materials/HairDefaultMaterial.uexp" 305
"../../../Engine/Content/Functions/Engine_MaterialFunctions02/Utility/MakeFloat2.uasset" 306
"../../../Engine/Content/Functions/Engine_MaterialFunctions02/Utility/MakeFloat2.uexp" 307
"../../../Engine/Plugins/Runtime/HairStrands/Content/Materials/HairGroupColors.uasset" 308
"../../../Engine/Plugins/Runtime/HairStrands/Content/Materials/HairGroupColors.uexp" 309
"../../../Engine/Content/EngineMaterials/HairColorMap.uasset" 310
"../../../Engine/Content/EngineMaterials/HairColorMap.uexp" 311
"../../../Engine/Content/EngineMaterials/HairDebugColor.uasset" 312
"../../../Engine/Content/EngineMaterials/HairDebugColor.uexp" 313
"../../../Engine/Content/Functions/Engine_MaterialFunctions02/Utility/MakeFloat3.uasset" 314
"../../../Engine/Content/Functions/Engine_MaterialFunctions02/Utility/MakeFloat3.uexp" 315
"../../../Engine/Plugins/Runtime/HairStrands/Content/Materials/HairDebugMaterial.uasset" 316
"../../../Engine/Plugins/Runtime/HairStrands/Content/Materials/HairDebugMaterial.uexp" 317
"../../../Engine/Plugins/Runtime/HairStrands/Content/Materials/HairCardsDefaultMaterial.uasset" 318
"../../../Engine/Plugins/Runtime/HairStrands/Content/Materials/HairCardsDefaultMaterial.uexp" 319
"../../../Engine/Plugins/Runtime/AudioWidgets/Content/Resources/ScrubHandleDown_Clamped.uasset" 320
"../../../Engine/Plugins/Runtime/AudioWidgets/Content/Resources/ScrubHandleDown_Clamped.uexp" 321
"../../../Engine/Plugins/Interchange/Assets/Content/Functions/MX_UsdPreviewSurface.uasset" 322
"../../../Engine/Plugins/Interchange/Assets/Content/Functions/MX_UsdPreviewSurface.uexp" 323
"../../../Engine/Plugins/Interchange/Assets/Content/Functions/MX_UniformEDF.uasset" 324
"../../../Engine/Plugins/Interchange/Assets/Content/Functions/MX_UniformEDF.uexp" 325
"../../../Engine/Plugins/Interchange/Assets/Content/Functions/MX_TranslucentBSDF.uasset" 326
"../../../Engine/Plugins/Interchange/Assets/Content/Functions/MX_TranslucentBSDF.uexp" 327
"../../../Engine/Plugins/Interchange/Assets/Content/Functions/MX_ThinFilmBSDF.uasset" 328
"../../../Engine/Plugins/Interchange/Assets/Content/Functions/MX_ThinFilmBSDF.uexp" 329
"../../../Engine/Plugins/Interchange/Assets/Content/Functions/MX_SurfaceUnlit.uasset" 330
"../../../Engine/Plugins/Interchange/Assets/Content/Functions/MX_SurfaceUnlit.uexp" 331
"../../../Engine/Plugins/Interchange/Assets/Content/Functions/MX_Surface.uasset" 332
"../../../Engine/Plugins/Interchange/Assets/Content/Functions/MX_Surface.uexp" 333
"../../../Engine/Plugins/Interchange/Assets/Content/Functions/MX_SubsurfaceBSDF.uasset" 334
"../../../Engine/Plugins/Interchange/Assets/Content/Functions/MX_SubsurfaceBSDF.uexp" 335
"../../../Engine/Plugins/Interchange/Assets/Content/Functions/MX_SheenBSDF.uasset" 336
"../../../Engine/Plugins/Interchange/Assets/Content/Functions/MX_SheenBSDF.uexp" 337
"../../../Engine/Plugins/Interchange/Assets/Content/Functions/MX_OrenNayarBSDF.uasset" 338
"../../../Engine/Plugins/Interchange/Assets/Content/Functions/MX_OrenNayarBSDF.uexp" 339
"../../../Engine/Plugins/Interchange/Assets/Content/Functions/MF_IridescenceNoLUT.uasset" 340
"../../../Engine/Plugins/Interchange/Assets/Content/Functions/MF_IridescenceNoLUT.uexp" 341
"../../../Engine/Plugins/Interchange/Assets/Content/Functions/MX_StandardSurface.uasset" 342
"../../../Engine/Plugins/Interchange/Assets/Content/Functions/MX_StandardSurface.uexp" 343
"../../../Engine/Plugins/Interchange/Assets/Content/Functions/MX_TransmissionSurface.uasset" 344
"../../../Engine/Plugins/Interchange/Assets/Content/Functions/MX_TransmissionSurface.uexp" 345
"../../../Engine/Plugins/Interchange/Assets/Content/Functions/MX_OpenPBR_Translucent.uasset" 346
"../../../Engine/Plugins/Interchange/Assets/Content/Functions/MX_OpenPBR_Translucent.uexp" 347
"../../../Engine/Plugins/Interchange/Assets/Content/Functions/MX_OpenPBR_Opaque.uasset" 348
"../../../Engine/Plugins/Interchange/Assets/Content/Functions/MX_OpenPBR_Opaque.uexp" 349
"../../../Engine/Plugins/Interchange/Assets/Content/Functions/MX_MeasuredEDF.uasset" 350
"../../../Engine/Plugins/Interchange/Assets/Content/Functions/MX_MeasuredEDF.uexp" 351
"../../../Engine/Plugins/Interchange/Assets/Content/Functions/MX_GeneralizedSchlickBSDF.uasset" 352
"../../../Engine/Plugins/Interchange/Assets/Content/Functions/MX_GeneralizedSchlickBSDF.uexp" 353
"../../../Engine/Plugins/Interchange/Assets/Content/Functions/MX_Displacement.uasset" 354
"../../../Engine/Plugins/Interchange/Assets/Content/Functions/MX_Displacement.uexp" 355
"../../../Engine/Plugins/Interchange/Assets/Content/Functions/MX_DielectricBSDF.uasset" 356
"../../../Engine/Plugins/Interchange/Assets/Content/Functions/MX_DielectricBSDF.uexp" 357
"../../../Engine/Plugins/Interchange/Assets/Content/Functions/MX_ConicalEDF.uasset" 358
"../../../Engine/Plugins/Interchange/Assets/Content/Functions/MX_ConicalEDF.uexp" 359
"../../../Engine/Plugins/Interchange/Assets/Content/Functions/MX_ConductorBSDF.uasset" 360
"../../../Engine/Plugins/Interchange/Assets/Content/Functions/MX_ConductorBSDF.uexp" 361
"../../../Engine/Plugins/Interchange/Assets/Content/Functions/MX_BurleyDiffuseBSDF.uasset" 362
"../../../Engine/Plugins/Interchange/Assets/Content/Functions/MX_BurleyDiffuseBSDF.uexp" 363
"../../../Engine/Plugins/Interchange/Assets/Content/Functions/MX_AnisotropicVDF.uasset" 364
"../../../Engine/Plugins/Interchange/Assets/Content/Functions/MX_AnisotropicVDF.uexp" 365
"../../../Engine/Plugins/Interchange/Assets/Content/Functions/MX_AbsorptionVDF.uasset" 366
"../../../Engine/Plugins/Interchange/Assets/Content/Functions/MX_AbsorptionVDF.uexp" 367
"../../../Engine/Content/Functions/Engine_MaterialFunctions02/Utility/VectorLength.uasset" 368
"../../../Engine/Content/Functions/Engine_MaterialFunctions02/Utility/VectorLength.uexp" 369
"../../../Engine/Content/Functions/Engine_MaterialFunctions02/Utility/BreakOutFloat3Components.uasset" 370
"../../../Engine/Content/Functions/Engine_MaterialFunctions02/Utility/BreakOutFloat3Components.uexp" 371
"../../../Engine/Content/Functions/Engine_MaterialFunctions02/WorldPositionOffset/ObjectScale.uasset" 372
"../../../Engine/Content/Functions/Engine_MaterialFunctions02/WorldPositionOffset/ObjectScale.uexp" 373
"../../../Engine/Content/Functions/Engine_MaterialFunctions02/SafeNormalize.uasset" 374
"../../../Engine/Content/Functions/Engine_MaterialFunctions02/SafeNormalize.uexp" 375
"../../../Engine/Plugins/Editor/SpeedTreeImporter/Content/SpeedTree9/UnpackInteger3.uasset" 376
"../../../Engine/Plugins/Editor/SpeedTreeImporter/Content/SpeedTree9/UnpackInteger3.uexp" 377
"../../../Engine/Plugins/Editor/SpeedTreeImporter/Content/SpeedTree9/UnpackDirection.uasset" 378
"../../../Engine/Plugins/Editor/SpeedTreeImporter/Content/SpeedTree9/UnpackDirection.uexp" 379
"../../../Engine/Plugins/Editor/SpeedTreeImporter/Content/SpeedTree9/game_wind_noise.ubulk" 380
"../../../Engine/Plugins/Editor/SpeedTreeImporter/Content/SpeedTree9/game_wind_noise.uasset" 381
"../../../Engine/Plugins/Editor/SpeedTreeImporter/Content/SpeedTree9/game_wind_noise.uexp" 382
"../../../Engine/Plugins/Editor/SpeedTreeImporter/Content/SpeedTree9/SpeedTreeWindMotion.uasset" 383
"../../../Engine/Plugins/Editor/SpeedTreeImporter/Content/SpeedTree9/SpeedTreeWindMotion.uexp" 384
"../../../Engine/Plugins/Editor/SpeedTreeImporter/Content/SpeedTree9/SpeedTreeBranchMotion.uasset" 385
"../../../Engine/Plugins/Editor/SpeedTreeImporter/Content/SpeedTree9/SpeedTreeBranchMotion.uexp" 386
"../../../Engine/Content/Functions/Engine_MaterialFunctions02/ObjectLocalBounds.uasset" 387
"../../../Engine/Content/Functions/Engine_MaterialFunctions02/ObjectLocalBounds.uexp" 388
"../../../Engine/Content/Functions/Engine_MaterialFunctions02/UVs/BoundingBoxBased_0-1_UVW.uasset" 389
"../../../Engine/Content/Functions/Engine_MaterialFunctions02/UVs/BoundingBoxBased_0-1_UVW.uexp" 390
"../../../Engine/Plugins/Editor/SpeedTreeImporter/Content/SpeedTree9/SpeedTreeWind.uasset" 391
"../../../Engine/Plugins/Editor/SpeedTreeImporter/Content/SpeedTree9/SpeedTreeWind.uexp" 392
"../../../Engine/Plugins/Editor/SpeedTreeImporter/Content/SpeedTree9/SpeedTreeCameraFacing.uasset" 393
"../../../Engine/Plugins/Editor/SpeedTreeImporter/Content/SpeedTree9/SpeedTreeCameraFacing.uexp" 394
"../../../Engine/Plugins/Editor/SpeedTreeImporter/Content/SpeedTree9/EmptyNormal.uasset" 395
"../../../Engine/Plugins/Editor/SpeedTreeImporter/Content/SpeedTree9/EmptyNormal.uexp" 396
"../../../Engine/Plugins/Editor/SpeedTreeImporter/Content/SpeedTree9/Empty.uasset" 397
"../../../Engine/Plugins/Editor/SpeedTreeImporter/Content/SpeedTree9/Empty.uexp" 398
"../../../Engine/Plugins/Editor/SpeedTreeImporter/Content/SpeedTree9/SpeedTreeMaster.uasset" 399
"../../../Engine/Plugins/Editor/SpeedTreeImporter/Content/SpeedTree9/SpeedTreeMaster.uexp" 400
"../../../Engine/Plugins/Editor/SpeedTreeImporter/Content/SpeedTree9/SpeedTreeBillboard.uasset" 401
"../../../Engine/Plugins/Editor/SpeedTreeImporter/Content/SpeedTree9/SpeedTreeBillboard.uexp" 402
"../../../Engine/Plugins/Editor/SpeedTreeImporter/Content/SpeedTree9/SpeedTreeBillboardMaster.uasset" 403
"../../../Engine/Plugins/Editor/SpeedTreeImporter/Content/SpeedTree9/SpeedTreeBillboardMaster.uexp" 404
"../../../Engine/Plugins/Animation/ControlRig/Content/Controls/ControlRig_Wedge_solid.ubulk" 405
"../../../Engine/Plugins/Animation/ControlRig/Content/Controls/ControlRig_Wedge_solid.uasset" 406
"../../../Engine/Plugins/Animation/ControlRig/Content/Controls/ControlRig_Wedge_solid.uexp" 407
"../../../Engine/Plugins/Animation/ControlRig/Content/Controls/ControlRig_Wedge_3mm.ubulk" 408
"../../../Engine/Plugins/Animation/ControlRig/Content/Controls/ControlRig_Wedge_3mm.uasset" 409
"../../../Engine/Plugins/Animation/ControlRig/Content/Controls/ControlRig_Wedge_3mm.uexp" 410
"../../../Engine/Plugins/Animation/ControlRig/Content/Controls/ControlRig_Wedge_1mm.ubulk" 411
"../../../Engine/Plugins/Animation/ControlRig/Content/Controls/ControlRig_Wedge_1mm.uasset" 412
"../../../Engine/Plugins/Animation/ControlRig/Content/Controls/ControlRig_Wedge_1mm.uexp" 413
"../../../Engine/Plugins/Animation/ControlRig/Content/Controls/ControlRig_Triangle_solid.ubulk" 414
"../../../Engine/Plugins/Animation/ControlRig/Content/Controls/ControlRig_Triangle_solid.uasset" 415
"../../../Engine/Plugins/Animation/ControlRig/Content/Controls/ControlRig_Triangle_solid.uexp" 416
"../../../Engine/Plugins/Animation/ControlRig/Content/Controls/ControlRig_Triangle_3mm.ubulk" 417
"../../../Engine/Plugins/Animation/ControlRig/Content/Controls/ControlRig_Triangle_3mm.uasset" 418
"../../../Engine/Plugins/Animation/ControlRig/Content/Controls/ControlRig_Triangle_3mm.uexp" 419
"../../../Engine/Plugins/Animation/ControlRig/Content/Controls/ControlRig_Triangle_1mm.ubulk" 420
"../../../Engine/Plugins/Animation/ControlRig/Content/Controls/ControlRig_Triangle_1mm.uasset" 421
"../../../Engine/Plugins/Animation/ControlRig/Content/Controls/ControlRig_Triangle_1mm.uexp" 422
"../../../Engine/Plugins/Animation/ControlRig/Content/Controls/ControlRig_Star4_solid.ubulk" 423
"../../../Engine/Plugins/Animation/ControlRig/Content/Controls/ControlRig_Star4_solid.uasset" 424
"../../../Engine/Plugins/Animation/ControlRig/Content/Controls/ControlRig_Star4_solid.uexp" 425
"../../../Engine/Plugins/Animation/ControlRig/Content/Controls/ControlRig_Star4_3mm.ubulk" 426
"../../../Engine/Plugins/Animation/ControlRig/Content/Controls/ControlRig_Star4_3mm.uasset" 427
"../../../Engine/Plugins/Animation/ControlRig/Content/Controls/ControlRig_Star4_3mm.uexp" 428
"../../../Engine/Plugins/Animation/ControlRig/Content/Controls/ControlRig_Star4_1mm.ubulk" 429
"../../../Engine/Plugins/Animation/ControlRig/Content/Controls/ControlRig_Star4_1mm.uasset" 430
"../../../Engine/Plugins/Animation/ControlRig/Content/Controls/ControlRig_Star4_1mm.uexp" 431
"../../../Engine/Plugins/Animation/ControlRig/Content/Controls/ControlRig_Square_solid.ubulk" 432
"../../../Engine/Plugins/Animation/ControlRig/Content/Controls/ControlRig_Square_solid.uasset" 433
"../../../Engine/Plugins/Animation/ControlRig/Content/Controls/ControlRig_Square_solid.uexp" 434
"../../../Engine/Plugins/Animation/ControlRig/Content/Controls/ControlRig_Square_3mm.ubulk" 435
"../../../Engine/Plugins/Animation/ControlRig/Content/Controls/ControlRig_Square_3mm.uasset" 436
"../../../Engine/Plugins/Animation/ControlRig/Content/Controls/ControlRig_Square_3mm.uexp" 437
"../../../Engine/Plugins/Animation/ControlRig/Content/Controls/ControlRig_Square_1mm.ubulk" 438
"../../../Engine/Plugins/Animation/ControlRig/Content/Controls/ControlRig_Square_1mm.uasset" 439
"../../../Engine/Plugins/Animation/ControlRig/Content/Controls/ControlRig_Square_1mm.uexp" 440
"../../../Engine/Plugins/Animation/ControlRig/Content/Controls/ControlRig_Sphere_solid.ubulk" 441
"../../../Engine/Plugins/Animation/ControlRig/Content/Controls/ControlRig_Sphere_solid.uasset" 442
"../../../Engine/Plugins/Animation/ControlRig/Content/Controls/ControlRig_Sphere_solid.uexp" 443
"../../../Engine/Plugins/Animation/ControlRig/Content/Controls/ControlRig_Sphere_3mm.ubulk" 444
"../../../Engine/Plugins/Animation/ControlRig/Content/Controls/ControlRig_Sphere_3mm.uasset" 445
"../../../Engine/Plugins/Animation/ControlRig/Content/Controls/ControlRig_Sphere_3mm.uexp" 446
"../../../Engine/Plugins/Animation/ControlRig/Content/Controls/ControlRig_Sphere_1mm.ubulk" 447
"../../../Engine/Plugins/Animation/ControlRig/Content/Controls/ControlRig_Sphere_1mm.uasset" 448
"../../../Engine/Plugins/Animation/ControlRig/Content/Controls/ControlRig_Sphere_1mm.uexp" 449
"../../../Engine/Plugins/Animation/ControlRig/Content/Controls/ControlRig_RoundedTriangle_solid.ubulk" 450
"../../../Engine/Plugins/Animation/ControlRig/Content/Controls/ControlRig_RoundedTriangle_solid.uasset" 451
"../../../Engine/Plugins/Animation/ControlRig/Content/Controls/ControlRig_RoundedTriangle_solid.uexp" 452
"../../../Engine/Plugins/Animation/ControlRig/Content/Controls/ControlRig_RoundedTriangle_3mm.ubulk" 453
"../../../Engine/Plugins/Animation/ControlRig/Content/Controls/ControlRig_RoundedTriangle_3mm.uasset" 454
"../../../Engine/Plugins/Animation/ControlRig/Content/Controls/ControlRig_RoundedTriangle_3mm.uexp" 455
"../../../Engine/Plugins/Animation/ControlRig/Content/Controls/ControlRig_RoundedTriangle_1mm.ubulk" 456
"../../../Engine/Plugins/Animation/ControlRig/Content/Controls/ControlRig_RoundedTriangle_1mm.uasset" 457
"../../../Engine/Plugins/Animation/ControlRig/Content/Controls/ControlRig_RoundedTriangle_1mm.uexp" 458
"../../../Engine/Plugins/Animation/ControlRig/Content/Controls/ControlRig_RoundedSquare_solid.ubulk" 459
"../../../Engine/Plugins/Animation/ControlRig/Content/Controls/ControlRig_RoundedSquare_solid.uasset" 460
"../../../Engine/Plugins/Animation/ControlRig/Content/Controls/ControlRig_RoundedSquare_solid.uexp" 461
"../../../Engine/Plugins/Animation/ControlRig/Content/Controls/ControlRig_RoundedSquare_3mm.ubulk" 462
"../../../Engine/Plugins/Animation/ControlRig/Content/Controls/ControlRig_RoundedSquare_3mm.uasset" 463
"../../../Engine/Plugins/Animation/ControlRig/Content/Controls/ControlRig_RoundedSquare_3mm.uexp" 464
"../../../Engine/Plugins/Animation/ControlRig/Content/Controls/ControlRig_RoundedSquare_1mm.ubulk" 465
"../../../Engine/Plugins/Animation/ControlRig/Content/Controls/ControlRig_RoundedSquare_1mm.uasset" 466
"../../../Engine/Plugins/Animation/ControlRig/Content/Controls/ControlRig_RoundedSquare_1mm.uexp" 467
"../../../Engine/Plugins/Animation/ControlRig/Content/Controls/ControlRig_QuarterCircle_solid.ubulk" 468
"../../../Engine/Plugins/Animation/ControlRig/Content/Controls/ControlRig_QuarterCircle_solid.uasset" 469
"../../../Engine/Plugins/Animation/ControlRig/Content/Controls/ControlRig_QuarterCircle_solid.uexp" 470
"../../../Engine/Plugins/Animation/ControlRig/Content/Controls/ControlRig_QuarterCircle_3mm.ubulk" 471
"../../../Engine/Plugins/Animation/ControlRig/Content/Controls/ControlRig_QuarterCircle_3mm.uasset" 472
"../../../Engine/Plugins/Animation/ControlRig/Content/Controls/ControlRig_QuarterCircle_3mm.uexp" 473
"../../../Engine/Plugins/Animation/ControlRig/Content/Controls/ControlRig_QuarterCircle_1mm.ubulk" 474
"../../../Engine/Plugins/Animation/ControlRig/Content/Controls/ControlRig_QuarterCircle_1mm.uasset" 475
"../../../Engine/Plugins/Animation/ControlRig/Content/Controls/ControlRig_QuarterCircle_1mm.uexp" 476
"../../../Engine/Plugins/Animation/ControlRig/Content/Controls/ControlRig_Pyramid_solid.ubulk" 477
"../../../Engine/Plugins/Animation/ControlRig/Content/Controls/ControlRig_Pyramid_solid.uasset" 478
"../../../Engine/Plugins/Animation/ControlRig/Content/Controls/ControlRig_Pyramid_solid.uexp" 479
"../../../Engine/Plugins/Animation/ControlRig/Content/Controls/ControlRig_Pyramid_3mm.ubulk" 480
"../../../Engine/Plugins/Animation/ControlRig/Content/Controls/ControlRig_Pyramid_3mm.uasset" 481
"../../../Engine/Plugins/Animation/ControlRig/Content/Controls/ControlRig_Pyramid_3mm.uexp" 482
"../../../Engine/Plugins/Animation/ControlRig/Content/Controls/ControlRig_Pyramid_1mm.ubulk" 483
"../../../Engine/Plugins/Animation/ControlRig/Content/Controls/ControlRig_Pyramid_1mm.uasset" 484
"../../../Engine/Plugins/Animation/ControlRig/Content/Controls/ControlRig_Pyramid_1mm.uexp" 485
"../../../Engine/Plugins/Animation/ControlRig/Content/Controls/ControlRig_Octagon_solid.ubulk" 486
"../../../Engine/Plugins/Animation/ControlRig/Content/Controls/ControlRig_Octagon_solid.uasset" 487
"../../../Engine/Plugins/Animation/ControlRig/Content/Controls/ControlRig_Octagon_solid.uexp" 488
"../../../Engine/Plugins/Animation/ControlRig/Content/Controls/ControlRig_Octagon_3mm.ubulk" 489
"../../../Engine/Plugins/Animation/ControlRig/Content/Controls/ControlRig_Octagon_3mm.uasset" 490
"../../../Engine/Plugins/Animation/ControlRig/Content/Controls/ControlRig_Octagon_3mm.uexp" 491
"../../../Engine/Plugins/Animation/ControlRig/Content/Controls/ControlRig_Octagon_1mm.ubulk" 492
"../../../Engine/Plugins/Animation/ControlRig/Content/Controls/ControlRig_Octagon_1mm.uasset" 493
"../../../Engine/Plugins/Animation/ControlRig/Content/Controls/ControlRig_Octagon_1mm.uexp" 494
"../../../Engine/Plugins/Animation/ControlRig/Content/Controls/ControlRig_Hexagon_solid.ubulk" 495
"../../../Engine/Plugins/Animation/ControlRig/Content/Controls/ControlRig_Hexagon_solid.uasset" 496
"../../../Engine/Plugins/Animation/ControlRig/Content/Controls/ControlRig_Hexagon_solid.uexp" 497
"../../../Engine/Plugins/Animation/ControlRig/Content/Controls/ControlRig_Hexagon_3mm.ubulk" 498
"../../../Engine/Plugins/Animation/ControlRig/Content/Controls/ControlRig_Hexagon_3mm.uasset" 499
"../../../Engine/Plugins/Animation/ControlRig/Content/Controls/ControlRig_Hexagon_3mm.uexp" 500
"../../../Engine/Plugins/Animation/ControlRig/Content/Controls/ControlRig_Hexagon_1mm.ubulk" 501
"../../../Engine/Plugins/Animation/ControlRig/Content/Controls/ControlRig_Hexagon_1mm.uasset" 502
"../../../Engine/Plugins/Animation/ControlRig/Content/Controls/ControlRig_Hexagon_1mm.uexp" 503
"../../../Engine/Plugins/Animation/ControlRig/Content/Controls/ControlRig_HalfCircle_solid.ubulk" 504
"../../../Engine/Plugins/Animation/ControlRig/Content/Controls/ControlRig_HalfCircle_solid.uasset" 505
"../../../Engine/Plugins/Animation/ControlRig/Content/Controls/ControlRig_HalfCircle_solid.uexp" 506
"../../../Engine/Plugins/Animation/ControlRig/Content/Controls/ControlRig_HalfCircle_3mm.ubulk" 507
"../../../Engine/Plugins/Animation/ControlRig/Content/Controls/ControlRig_HalfCircle_3mm.uasset" 508
"../../../Engine/Plugins/Animation/ControlRig/Content/Controls/ControlRig_HalfCircle_3mm.uexp" 509
"../../../Engine/Plugins/Animation/ControlRig/Content/Controls/ControlRig_HalfCircle_1mm.ubulk" 510
"../../../Engine/Plugins/Animation/ControlRig/Content/Controls/ControlRig_HalfCircle_1mm.uasset" 511
"../../../Engine/Plugins/Animation/ControlRig/Content/Controls/ControlRig_HalfCircle_1mm.uexp" 512
"../../../Engine/Plugins/Animation/ControlRig/Content/Controls/ControlRig_Diamond_solid.ubulk" 513
"../../../Engine/Plugins/Animation/ControlRig/Content/Controls/ControlRig_Diamond_solid.uasset" 514
"../../../Engine/Plugins/Animation/ControlRig/Content/Controls/ControlRig_Diamond_solid.uexp" 515
"../../../Engine/Plugins/Animation/ControlRig/Content/Controls/ControlRig_Diamond_3mm.ubulk" 516
"../../../Engine/Plugins/Animation/ControlRig/Content/Controls/ControlRig_Diamond_3mm.uasset" 517
"../../../Engine/Plugins/Animation/ControlRig/Content/Controls/ControlRig_Diamond_3mm.uexp" 518
"../../../Engine/Plugins/Animation/ControlRig/Content/Controls/ControlRig_Diamond_1mm.ubulk" 519
"../../../Engine/Plugins/Animation/ControlRig/Content/Controls/ControlRig_Diamond_1mm.uasset" 520
"../../../Engine/Plugins/Animation/ControlRig/Content/Controls/ControlRig_Diamond_1mm.uexp" 521
"../../../Engine/Plugins/Animation/ControlRig/Content/Controls/ControlRig_Circle_solid.ubulk" 522
"../../../Engine/Plugins/Animation/ControlRig/Content/Controls/ControlRig_Circle_solid.uasset" 523
"../../../Engine/Plugins/Animation/ControlRig/Content/Controls/ControlRig_Circle_solid.uexp" 524
"../../../Engine/Plugins/Animation/ControlRig/Content/Controls/ControlRig_Circle_3mm.ubulk" 525
"../../../Engine/Plugins/Animation/ControlRig/Content/Controls/ControlRig_Circle_3mm.uasset" 526
"../../../Engine/Plugins/Animation/ControlRig/Content/Controls/ControlRig_Circle_3mm.uexp" 527
"../../../Engine/Plugins/Animation/ControlRig/Content/Controls/ControlRig_Circle_1mm.ubulk" 528
"../../../Engine/Plugins/Animation/ControlRig/Content/Controls/ControlRig_Circle_1mm.uasset" 529
"../../../Engine/Plugins/Animation/ControlRig/Content/Controls/ControlRig_Circle_1mm.uexp" 530
"../../../Engine/Plugins/Animation/ControlRig/Content/Controls/ControlRig_Box_solid.ubulk" 531
"../../../Engine/Plugins/Animation/ControlRig/Content/Controls/ControlRig_Box_solid.uasset" 532
"../../../Engine/Plugins/Animation/ControlRig/Content/Controls/ControlRig_Box_solid.uexp" 533
"../../../Engine/Plugins/Animation/ControlRig/Content/Controls/ControlRig_Box_3mm.ubulk" 534
"../../../Engine/Plugins/Animation/ControlRig/Content/Controls/ControlRig_Box_3mm.uasset" 535
"../../../Engine/Plugins/Animation/ControlRig/Content/Controls/ControlRig_Box_3mm.uexp" 536
"../../../Engine/Plugins/Animation/ControlRig/Content/Controls/ControlRig_Box_1mm.ubulk" 537
"../../../Engine/Plugins/Animation/ControlRig/Content/Controls/ControlRig_Box_1mm.uasset" 538
"../../../Engine/Plugins/Animation/ControlRig/Content/Controls/ControlRig_Box_1mm.uexp" 539
"../../../Engine/Plugins/Animation/ControlRig/Content/Controls/ControlRig_Arrow_solid.ubulk" 540
"../../../Engine/Plugins/Animation/ControlRig/Content/Controls/ControlRig_Arrow_solid.uasset" 541
"../../../Engine/Plugins/Animation/ControlRig/Content/Controls/ControlRig_Arrow_solid.uexp" 542
"../../../Engine/Plugins/Animation/ControlRig/Content/Controls/ControlRig_Arrow_3mm.ubulk" 543
"../../../Engine/Plugins/Animation/ControlRig/Content/Controls/ControlRig_Arrow_3mm.uasset" 544
"../../../Engine/Plugins/Animation/ControlRig/Content/Controls/ControlRig_Arrow_3mm.uexp" 545
"../../../Engine/Plugins/Animation/ControlRig/Content/Controls/ControlRig_Arrow_1mm.ubulk" 546
"../../../Engine/Plugins/Animation/ControlRig/Content/Controls/ControlRig_Arrow_1mm.uasset" 547
"../../../Engine/Plugins/Animation/ControlRig/Content/Controls/ControlRig_Arrow_1mm.uexp" 548
"../../../Engine/Plugins/Animation/ControlRig/Content/Controls/ControlRig_Arrow4_solid.ubulk" 549
"../../../Engine/Plugins/Animation/ControlRig/Content/Controls/ControlRig_Arrow4_solid.uasset" 550
"../../../Engine/Plugins/Animation/ControlRig/Content/Controls/ControlRig_Arrow4_solid.uexp" 551
"../../../Engine/Plugins/Animation/ControlRig/Content/Controls/ControlRig_Arrow4_3mm.ubulk" 552
"../../../Engine/Plugins/Animation/ControlRig/Content/Controls/ControlRig_Arrow4_3mm.uasset" 553
"../../../Engine/Plugins/Animation/ControlRig/Content/Controls/ControlRig_Arrow4_3mm.uexp" 554
"../../../Engine/Plugins/Animation/ControlRig/Content/Controls/ControlRig_Arrow4_1mm.ubulk" 555
"../../../Engine/Plugins/Animation/ControlRig/Content/Controls/ControlRig_Arrow4_1mm.uasset" 556
"../../../Engine/Plugins/Animation/ControlRig/Content/Controls/ControlRig_Arrow4_1mm.uexp" 557
"../../../Engine/Plugins/Animation/ControlRig/Content/Controls/ControlRig_Arrow2_solid.ubulk" 558
"../../../Engine/Plugins/Animation/ControlRig/Content/Controls/ControlRig_Arrow2_solid.uasset" 559
"../../../Engine/Plugins/Animation/ControlRig/Content/Controls/ControlRig_Arrow2_solid.uexp" 560
"../../../Engine/Plugins/Animation/ControlRig/Content/Controls/ControlRig_Arrow2_3mm.ubulk" 561
"../../../Engine/Plugins/Animation/ControlRig/Content/Controls/ControlRig_Arrow2_3mm.uasset" 562
"../../../Engine/Plugins/Animation/ControlRig/Content/Controls/ControlRig_Arrow2_3mm.uexp" 563
"../../../Engine/Plugins/Animation/ControlRig/Content/Controls/ControlRig_Arrow2_1mm.ubulk" 564
"../../../Engine/Plugins/Animation/ControlRig/Content/Controls/ControlRig_Arrow2_1mm.uasset" 565
"../../../Engine/Plugins/Animation/ControlRig/Content/Controls/ControlRig_Arrow2_1mm.uexp" 566
"../../../Engine/Plugins/Animation/ControlRig/Content/Controls/ControlRigXRayMaterial.uasset" 567
"../../../Engine/Plugins/Animation/ControlRig/Content/Controls/ControlRigXRayMaterial.uexp" 568
"../../../Engine/Plugins/Animation/ControlRig/Content/Controls/ControlRigGizmoMaterial.uasset" 569
"../../../Engine/Plugins/Animation/ControlRig/Content/Controls/ControlRigGizmoMaterial.uexp" 570
"../../../Engine/Content/EditorMaterials/Camera/CineMat.uasset" 571
"../../../Engine/Content/EditorMaterials/Camera/CineMat.uexp" 572
"../../../Engine/Content/EditorMaterials/Camera/MI_CineMat_Rig.uasset" 573
"../../../Engine/Content/EditorMaterials/Camera/MI_CineMat_Rig.uexp" 574
"../../../Engine/Content/EditorMeshes/Camera/SM_RailRig_Track.ubulk" 575
"../../../Engine/Content/EditorMeshes/Camera/SM_RailRig_Track.uasset" 576
"../../../Engine/Content/EditorMeshes/Camera/SM_RailRig_Track.uexp" 577
"../../../Engine/Content/EditorMeshes/Camera/SM_RailRig_Mount.ubulk" 578
"../../../Engine/Content/EditorMeshes/Camera/SM_RailRig_Mount.uasset" 579
"../../../Engine/Content/EditorMeshes/Camera/SM_RailRig_Mount.uexp" 580
"../../../Engine/Content/EditorMeshes/Camera/SM_CraneRig_Mount.ubulk" 581
"../../../Engine/Content/EditorMeshes/Camera/SM_CraneRig_Mount.uasset" 582
"../../../Engine/Content/EditorMeshes/Camera/SM_CraneRig_Mount.uexp" 583
"../../../Engine/Content/EditorMeshes/Camera/SM_CraneRig_Body.ubulk" 584
"../../../Engine/Content/EditorMeshes/Camera/SM_CraneRig_Body.uasset" 585
"../../../Engine/Content/EditorMeshes/Camera/SM_CraneRig_Body.uexp" 586
"../../../Engine/Content/EditorMeshes/Camera/SM_CraneRig_Base.ubulk" 587
"../../../Engine/Content/EditorMeshes/Camera/SM_CraneRig_Base.uasset" 588
"../../../Engine/Content/EditorMeshes/Camera/SM_CraneRig_Base.uexp" 589
"../../../Engine/Content/EditorMeshes/Camera/SM_CraneRig_Arm.ubulk" 590
"../../../Engine/Content/EditorMeshes/Camera/SM_CraneRig_Arm.uasset" 591
"../../../Engine/Content/EditorMeshes/Camera/SM_CraneRig_Arm.uexp" 592
"../../../Engine/Content/EditorMaterials/ParticleSystems/PSysThumbnail_OOD.ubulk" 593
"../../../Engine/Content/EditorMaterials/ParticleSystems/PSysThumbnail_OOD.uasset" 594
"../../../Engine/Content/EditorMaterials/ParticleSystems/PSysThumbnail_OOD.uexp" 595
"../../../Engine/Content/EditorMaterials/ParticleSystems/PSysThumbnail_NoImage.ubulk" 596
"../../../Engine/Content/EditorMaterials/ParticleSystems/PSysThumbnail_NoImage.uasset" 597
"../../../Engine/Content/EditorMaterials/ParticleSystems/PSysThumbnail_NoImage.uexp" 598
"../../../Engine/Content/EditorMaterials/Dataflow/DataflowVertexMaterial.uasset" 599
"../../../Engine/Content/EditorMaterials/Dataflow/DataflowVertexMaterial.uexp" 600
"../../../Engine/Content/EditorMaterials/Dataflow/DataflowTwoSidedVertexMaterial.uasset" 601
"../../../Engine/Content/EditorMaterials/Dataflow/DataflowTwoSidedVertexMaterial.uexp" 602
"../../../Engine/Content/EngineResources/FilmGrains/Marcie_Grain_v3_128_M2_000.uasset" 603
"../../../Engine/Content/EngineResources/FilmGrains/Marcie_Grain_v3_128_M2_000.uexp" 604
"../../../Engine/Content/EngineResources/Development/ZenLogo_64.uasset" 605
"../../../Engine/Content/EngineResources/Development/ZenLogo_64.uexp" 606
"../../../Engine/Content/EngineMaterials/LTC/Sheen_LTC.uasset" 607
"../../../Engine/Content/EngineMaterials/LTC/Sheen_LTC.uexp" 608
"../../../Engine/Content/EngineMaterials/LTC/GGX_LTCMat.uasset" 609
"../../../Engine/Content/EngineMaterials/LTC/GGX_LTCMat.uexp" 610
"../../../Engine/Content/EngineMaterials/LTC/GGX_LTCAmp.uasset" 611
"../../../Engine/Content/EngineMaterials/LTC/GGX_LTCAmp.uexp" 612
"../../../Engine/Content/EngineMaterials/EnergyConservation/Sheen_Energy.uasset" 613
"../../../Engine/Content/EngineMaterials/EnergyConservation/Sheen_Energy.uexp" 614
"../../../Engine/Content/EngineMaterials/EnergyConservation/SheenLegacy_Energy.uasset" 615
"../../../Engine/Content/EngineMaterials/EnergyConservation/SheenLegacy_Energy.uexp" 616
"../../../Engine/Content/EngineMaterials/EnergyConservation/GGX_TransmissionEnergyArray.uasset" 617
"../../../Engine/Content/EngineMaterials/EnergyConservation/GGX_TransmissionEnergyArray.uexp" 618
"../../../Engine/Content/EngineMaterials/EnergyConservation/GGX_ReflectionEnergy.uasset" 619
"../../../Engine/Content/EngineMaterials/EnergyConservation/GGX_ReflectionEnergy.uexp" 620
"../../../Engine/Content/EngineMaterials/EnergyConservation/Diffuse_Energy.uasset" 621
"../../../Engine/Content/EngineMaterials/EnergyConservation/Diffuse_Energy.uexp" 622
"../../../Engine/Content/EditorResources/SequenceRecorder/RecordingIndicator.uasset" 623
"../../../Engine/Content/EditorResources/SequenceRecorder/RecordingIndicator.uexp" 624
"../../../Engine/Content/EditorResources/SequenceRecorder/Countdown.uasset" 625
"../../../Engine/Content/EditorResources/SequenceRecorder/Countdown.uexp" 626
"../../../Engine/Content/VREditor/TransformGizmo/Xray.uasset" 627
"../../../Engine/Content/VREditor/TransformGizmo/Xray.uexp" 628
"../../../Engine/Content/VREditor/TransformGizmo/Main.uasset" 629
"../../../Engine/Content/VREditor/TransformGizmo/Main.uexp" 630
"../../../Engine/Content/VREditor/TransformGizmo/SM_Sequencer_Node.ubulk" 631
"../../../Engine/Content/VREditor/TransformGizmo/SM_Sequencer_Node.uasset" 632
"../../../Engine/Content/VREditor/TransformGizmo/SM_Sequencer_Node.uexp" 633
"../../../Engine/Content/VREditor/TransformGizmo/TranslucentTransformGizmoMaterial.uasset" 634
"../../../Engine/Content/VREditor/TransformGizmo/TranslucentTransformGizmoMaterial.uexp" 635
"../../../Engine/Content/VREditor/LaserPointer/VR_LaserPower_01.ubulk" 636
"../../../Engine/Content/VREditor/LaserPointer/VR_LaserPower_01.uasset" 637
"../../../Engine/Content/VREditor/LaserPointer/VR_LaserPower_01.uexp" 638
"../../../Engine/Content/VREditor/TransformGizmo/TransformGizmoMaterial.uasset" 639
"../../../Engine/Content/VREditor/TransformGizmo/TransformGizmoMaterial.uexp" 640
"../../../Engine/Content/VREditor/TransformGizmo/BoundingBoxEdge.ubulk" 641
"../../../Engine/Content/VREditor/TransformGizmo/BoundingBoxEdge.uasset" 642
"../../../Engine/Content/VREditor/TransformGizmo/BoundingBoxEdge.uexp" 643
"../../../Engine/Content/VREditor/TransformGizmo/BoundingBoxCorner.ubulk" 644
"../../../Engine/Content/VREditor/TransformGizmo/BoundingBoxCorner.uasset" 645
"../../../Engine/Content/VREditor/TransformGizmo/BoundingBoxCorner.uexp" 646
"../../../Engine/Content/ArtTools/RenderToTexture/Meshes/S_1_Unit_Plane.ubulk" 647
"../../../Engine/Content/ArtTools/RenderToTexture/Meshes/S_1_Unit_Plane.uasset" 648
"../../../Engine/Content/ArtTools/RenderToTexture/Meshes/S_1_Unit_Plane.uexp" 649
"../../../Engine/Content/EngineMaterials/Substrate/Glints2/AGlintTex2dArray2.uasset" 650
"../../../Engine/Content/EngineMaterials/Substrate/Glints2/AGlintTex2dArray2.uexp" 651
"../../../Engine/Content/EngineMaterials/Substrate/GLints/AGlintTex2dArray.uasset" 652
"../../../Engine/Content/EngineMaterials/Substrate/GLints/AGlintTex2dArray.uexp" 653
"../../../Engine/Content/Functions/Engine_MaterialFunctions01/Shading/PowerToRoughness.uasset" 654
"../../../Engine/Content/Functions/Engine_MaterialFunctions01/Shading/PowerToRoughness.uexp" 655
"../../../Engine/Content/Functions/Engine_MaterialFunctions01/Shading/ConvertFromDiffSpec.uasset" 656
"../../../Engine/Content/Functions/Engine_MaterialFunctions01/Shading/ConvertFromDiffSpec.uexp" 657
"../../../Engine/Content/EngineMaterials/Substrate/Volume/SubstrateSimpleVolumeEnvLUT3D.uasset" 658
"../../../Engine/Content/EngineMaterials/Substrate/Volume/SubstrateSimpleVolumeEnvLUT3D.uexp" 659
"../../../Engine/Content/EngineMaterials/Substrate/Volume/SubstrateSimpleVolumeLUT3D.uasset" 660
"../../../Engine/Content/EngineMaterials/Substrate/Volume/SubstrateSimpleVolumeLUT3D.uexp" 661
"../../../Engine/Plugins/Interchange/Assets/Content/Utilities/New_LUT.uasset" 662
"../../../Engine/Plugins/Interchange/Assets/Content/Utilities/New_LUT.uexp" 663
"../../../Engine/Content/Functions/Engine_MaterialFunctions03/Math/RemapValueRange.uasset" 664
"../../../Engine/Content/Functions/Engine_MaterialFunctions03/Math/RemapValueRange.uexp" 665
"../../../Engine/Plugins/Interchange/Assets/Content/Functions/MF_Iridescence.uasset" 666
"../../../Engine/Plugins/Interchange/Assets/Content/Functions/MF_Iridescence.uexp" 667
"../../../Engine/Plugins/Interchange/Assets/Content/gltf/Textures/T_White_srgb.uasset" 668
"../../../Engine/Plugins/Interchange/Assets/Content/gltf/Textures/T_White_srgb.uexp" 669
"../../../Engine/Plugins/Interchange/Assets/Content/gltf/MaterialFunctions/MF_BaseColor.uasset" 670
"../../../Engine/Plugins/Interchange/Assets/Content/gltf/MaterialFunctions/MF_BaseColor.uexp" 671
"../../../Engine/Plugins/Interchange/Assets/Content/gltf/MaterialFunctions/MF_RotateV2.uasset" 672
"../../../Engine/Plugins/Interchange/Assets/Content/gltf/MaterialFunctions/MF_RotateV2.uexp" 673
"../../../Engine/Plugins/Interchange/Assets/Content/gltf/MaterialFunctions/MF_TransformUVs.uasset" 674
"../../../Engine/Plugins/Interchange/Assets/Content/gltf/MaterialFunctions/MF_TransformUVs.uexp" 675
"../../../Engine/Plugins/Interchange/Assets/Content/gltf/MaterialFunctions/MF_IOR.uasset" 676
"../../../Engine/Plugins/Interchange/Assets/Content/gltf/MaterialFunctions/MF_IOR.uexp" 677
"../../../Engine/Plugins/Interchange/Assets/Content/gltf/MaterialFunctions/MF_Iridescence.uasset" 678
"../../../Engine/Plugins/Interchange/Assets/Content/gltf/MaterialFunctions/MF_Iridescence.uexp" 679
"../../../Engine/Plugins/Interchange/Assets/Content/gltf/Textures/T_White_Linear.uasset" 680
"../../../Engine/Plugins/Interchange/Assets/Content/gltf/Textures/T_White_Linear.uexp" 681
"../../../Engine/Plugins/Interchange/Assets/Content/gltf/MaterialFunctions/MF_MetallicRoughness.uasset" 682
"../../../Engine/Plugins/Interchange/Assets/Content/gltf/MaterialFunctions/MF_MetallicRoughness.uexp" 683
"../../../Engine/Content/Functions/Engine_MaterialFunctions02/Math/Transform3x3Matrix.uasset" 684
"../../../Engine/Content/Functions/Engine_MaterialFunctions02/Math/Transform3x3Matrix.uexp" 685
"../../../Engine/Plugins/Interchange/Assets/Content/gltf/MaterialFunctions/MF_RotateNormals_TS.uasset" 686
"../../../Engine/Plugins/Interchange/Assets/Content/gltf/MaterialFunctions/MF_RotateNormals_TS.uexp" 687
"../../../Engine/Plugins/Interchange/Assets/Content/gltf/MaterialFunctions/MF_ScaleNormal.uasset" 688
"../../../Engine/Plugins/Interchange/Assets/Content/gltf/MaterialFunctions/MF_ScaleNormal.uexp" 689
"../../../Engine/Plugins/Interchange/Assets/Content/gltf/Textures/T_Generic_N.uasset" 690
"../../../Engine/Plugins/Interchange/Assets/Content/gltf/Textures/T_Generic_N.uexp" 691
"../../../Engine/Plugins/Interchange/Assets/Content/gltf/MaterialFunctions/MF_Normals.uasset" 692
"../../../Engine/Plugins/Interchange/Assets/Content/gltf/MaterialFunctions/MF_Normals.uexp" 693
"../../../Engine/Plugins/Interchange/Assets/Content/gltf/MaterialFunctions/MF_Occlusion.uasset" 694
"../../../Engine/Plugins/Interchange/Assets/Content/gltf/MaterialFunctions/MF_Occlusion.uexp" 695
"../../../Engine/Plugins/Interchange/Assets/Content/gltf/MaterialFunctions/MF_Specular.uasset" 696
"../../../Engine/Plugins/Interchange/Assets/Content/gltf/MaterialFunctions/MF_Specular.uexp" 697
"../../../Engine/Plugins/Interchange/Assets/Content/gltf/Textures/T_Anisotropy_Direction_Linear.uasset" 698
"../../../Engine/Plugins/Interchange/Assets/Content/gltf/Textures/T_Anisotropy_Direction_Linear.uexp" 699
"../../../Engine/Plugins/Interchange/Assets/Content/gltf/MaterialFunctions/MF_SpecularAnisotropy.uasset" 700
"../../../Engine/Plugins/Interchange/Assets/Content/gltf/MaterialFunctions/MF_SpecularAnisotropy.uexp" 701
"../../../Engine/Plugins/Interchange/Assets/Content/gltf/MaterialFunctions/MF_Emissive.uasset" 702
"../../../Engine/Plugins/Interchange/Assets/Content/gltf/MaterialFunctions/MF_Emissive.uexp" 703
"../../../Engine/Content/Functions/Engine_MaterialFunctions01/Texturing/FlattenNormal.uasset" 704
"../../../Engine/Content/Functions/Engine_MaterialFunctions01/Texturing/FlattenNormal.uexp" 705
"../../../Engine/Plugins/Interchange/Assets/Content/gltf/MaterialFunctions/MF_Clearcoat.uasset" 706
"../../../Engine/Plugins/Interchange/Assets/Content/gltf/MaterialFunctions/MF_Clearcoat.uexp" 707
"../../../Engine/Plugins/Interchange/Assets/Content/gltf/MaterialBodies/MF_ClearCoat_Body.uasset" 708
"../../../Engine/Plugins/Interchange/Assets/Content/gltf/MaterialBodies/MF_ClearCoat_Body.uexp" 709
"../../../Engine/Plugins/Interchange/Assets/Content/gltf/M_ClearCoat.uasset" 710
"../../../Engine/Plugins/Interchange/Assets/Content/gltf/M_ClearCoat.uexp" 711
"../../../Engine/Plugins/Interchange/Assets/Content/gltf/MaterialInstances/MI_ClearCoat_Blend.uasset" 712
"../../../Engine/Plugins/Interchange/Assets/Content/gltf/MaterialInstances/MI_ClearCoat_Blend.uexp" 713
"../../../Engine/Plugins/Interchange/Assets/Content/gltf/MaterialInstances/MI_ClearCoat_Blend_DS.uasset" 714
"../../../Engine/Plugins/Interchange/Assets/Content/gltf/MaterialInstances/MI_ClearCoat_Blend_DS.uexp" 715
"../../../Engine/Plugins/Interchange/Assets/Content/gltf/MaterialInstances/MI_ClearCoat_Mask.uasset" 716
"../../../Engine/Plugins/Interchange/Assets/Content/gltf/MaterialInstances/MI_ClearCoat_Mask.uexp" 717
"../../../Engine/Plugins/Interchange/Assets/Content/gltf/MaterialInstances/MI_ClearCoat_Mask_DS.uasset" 718
"../../../Engine/Plugins/Interchange/Assets/Content/gltf/MaterialInstances/MI_ClearCoat_Mask_DS.uexp" 719
"../../../Engine/Plugins/Interchange/Assets/Content/gltf/MaterialInstances/MI_ClearCoat_Opaque.uasset" 720
"../../../Engine/Plugins/Interchange/Assets/Content/gltf/MaterialInstances/MI_ClearCoat_Opaque.uexp" 721
"../../../Engine/Plugins/Interchange/Assets/Content/gltf/MaterialInstances/MI_ClearCoat_Opaque_DS.uasset" 722
"../../../Engine/Plugins/Interchange/Assets/Content/gltf/MaterialInstances/MI_ClearCoat_Opaque_DS.uexp" 723
"../../../Engine/Plugins/Interchange/Assets/Content/gltf/MaterialBodies/MF_Default_Body.uasset" 724
"../../../Engine/Plugins/Interchange/Assets/Content/gltf/MaterialBodies/MF_Default_Body.uexp" 725
"../../../Engine/Plugins/Interchange/Assets/Content/gltf/M_Default.uasset" 726
"../../../Engine/Plugins/Interchange/Assets/Content/gltf/M_Default.uexp" 727
"../../../Engine/Plugins/Interchange/Assets/Content/gltf/MaterialInstances/MI_Default_Blend.uasset" 728
"../../../Engine/Plugins/Interchange/Assets/Content/gltf/MaterialInstances/MI_Default_Blend.uexp" 729
"../../../Engine/Plugins/Interchange/Assets/Content/gltf/MaterialInstances/MI_Default_Blend_DS.uasset" 730
"../../../Engine/Plugins/Interchange/Assets/Content/gltf/MaterialInstances/MI_Default_Blend_DS.uexp" 731
"../../../Engine/Plugins/Interchange/Assets/Content/gltf/MaterialInstances/MI_Default_Mask.uasset" 732
"../../../Engine/Plugins/Interchange/Assets/Content/gltf/MaterialInstances/MI_Default_Mask.uexp" 733
"../../../Engine/Plugins/Interchange/Assets/Content/gltf/MaterialInstances/MI_Default_Mask_DS.uasset" 734
"../../../Engine/Plugins/Interchange/Assets/Content/gltf/MaterialInstances/MI_Default_Mask_DS.uexp" 735
"../../../Engine/Plugins/Interchange/Assets/Content/gltf/MaterialInstances/MI_Default_Opaque.uasset" 736
"../../../Engine/Plugins/Interchange/Assets/Content/gltf/MaterialInstances/MI_Default_Opaque.uexp" 737
"../../../Engine/Plugins/Interchange/Assets/Content/gltf/MaterialInstances/MI_Default_Opaque_DS.uasset" 738
"../../../Engine/Plugins/Interchange/Assets/Content/gltf/MaterialInstances/MI_Default_Opaque_DS.uexp" 739
"../../../Engine/Plugins/Interchange/Assets/Content/gltf/MaterialFunctions/MF_Sheen.uasset" 740
"../../../Engine/Plugins/Interchange/Assets/Content/gltf/MaterialFunctions/MF_Sheen.uexp" 741
"../../../Engine/Plugins/Interchange/Assets/Content/gltf/MaterialBodies/MF_Sheen_Body.uasset" 742
"../../../Engine/Plugins/Interchange/Assets/Content/gltf/MaterialBodies/MF_Sheen_Body.uexp" 743
"../../../Engine/Plugins/Interchange/Assets/Content/gltf/M_Sheen.uasset" 744
"../../../Engine/Plugins/Interchange/Assets/Content/gltf/M_Sheen.uexp" 745
"../../../Engine/Plugins/Interchange/Assets/Content/gltf/MaterialInstances/MI_Sheen_Blend.uasset" 746
"../../../Engine/Plugins/Interchange/Assets/Content/gltf/MaterialInstances/MI_Sheen_Blend.uexp" 747
"../../../Engine/Plugins/Interchange/Assets/Content/gltf/MaterialInstances/MI_Sheen_Blend_DS.uasset" 748
"../../../Engine/Plugins/Interchange/Assets/Content/gltf/MaterialInstances/MI_Sheen_Blend_DS.uexp" 749
"../../../Engine/Plugins/Interchange/Assets/Content/gltf/MaterialInstances/MI_Sheen_Mask.uasset" 750
"../../../Engine/Plugins/Interchange/Assets/Content/gltf/MaterialInstances/MI_Sheen_Mask.uexp" 751
"../../../Engine/Plugins/Interchange/Assets/Content/gltf/MaterialInstances/MI_Sheen_Mask_DS.uasset" 752
"../../../Engine/Plugins/Interchange/Assets/Content/gltf/MaterialInstances/MI_Sheen_Mask_DS.uexp" 753
"../../../Engine/Plugins/Interchange/Assets/Content/gltf/MaterialInstances/MI_Sheen_Opaque.uasset" 754
"../../../Engine/Plugins/Interchange/Assets/Content/gltf/MaterialInstances/MI_Sheen_Opaque.uexp" 755
"../../../Engine/Plugins/Interchange/Assets/Content/gltf/MaterialInstances/MI_Sheen_Opaque_DS.uasset" 756
"../../../Engine/Plugins/Interchange/Assets/Content/gltf/MaterialInstances/MI_Sheen_Opaque_DS.uexp" 757
"../../../Engine/Content/Functions/Engine_MaterialFunctions02/Math/AddComponents.uasset" 758
"../../../Engine/Content/Functions/Engine_MaterialFunctions02/Math/AddComponents.uexp" 759
"../../../Engine/Plugins/Interchange/Assets/Content/gltf/MaterialFunctions/MF_DiffuseSpecGloss.uasset" 760
"../../../Engine/Plugins/Interchange/Assets/Content/gltf/MaterialFunctions/MF_DiffuseSpecGloss.uexp" 761
"../../../Engine/Plugins/Interchange/Assets/Content/gltf/MaterialFunctions/MF_MaxComponentValue.uasset" 762
"../../../Engine/Plugins/Interchange/Assets/Content/gltf/MaterialFunctions/MF_MaxComponentValue.uexp" 763
"../../../Engine/Plugins/Interchange/Assets/Content/gltf/MaterialFunctions/MF_PerceivedBrightness.uasset" 764
"../../../Engine/Plugins/Interchange/Assets/Content/gltf/MaterialFunctions/MF_PerceivedBrightness.uexp" 765
"../../../Engine/Plugins/Interchange/Assets/Content/gltf/MaterialFunctions/MF_SpecGlossToMetalRoughness.uasset" 766
"../../../Engine/Plugins/Interchange/Assets/Content/gltf/MaterialFunctions/MF_SpecGlossToMetalRoughness.uexp" 767
"../../../Engine/Plugins/Interchange/Assets/Content/gltf/MaterialBodies/MF_SpecularGlossiness_Body.uasset" 768
"../../../Engine/Plugins/Interchange/Assets/Content/gltf/MaterialBodies/MF_SpecularGlossiness_Body.uexp" 769
"../../../Engine/Plugins/Interchange/Assets/Content/gltf/M_SpecularGlossiness.uasset" 770
"../../../Engine/Plugins/Interchange/Assets/Content/gltf/M_SpecularGlossiness.uexp" 771
"../../../Engine/Plugins/Interchange/Assets/Content/gltf/MaterialInstances/MI_SpecularGlossiness_Blend.uasset" 772
"../../../Engine/Plugins/Interchange/Assets/Content/gltf/MaterialInstances/MI_SpecularGlossiness_Blend.uexp" 773
"../../../Engine/Plugins/Interchange/Assets/Content/gltf/MaterialInstances/MI_SpecularGlossiness_Blend_DS.uasset" 774
"../../../Engine/Plugins/Interchange/Assets/Content/gltf/MaterialInstances/MI_SpecularGlossiness_Blend_DS.uexp" 775
"../../../Engine/Plugins/Interchange/Assets/Content/gltf/MaterialInstances/MI_SpecularGlossiness_Mask.uasset" 776
"../../../Engine/Plugins/Interchange/Assets/Content/gltf/MaterialInstances/MI_SpecularGlossiness_Mask.uexp" 777
"../../../Engine/Plugins/Interchange/Assets/Content/gltf/MaterialInstances/MI_SpecularGlossiness_Mask_DS.uasset" 778
"../../../Engine/Plugins/Interchange/Assets/Content/gltf/MaterialInstances/MI_SpecularGlossiness_Mask_DS.uexp" 779
"../../../Engine/Plugins/Interchange/Assets/Content/gltf/MaterialInstances/MI_SpecularGlossiness_Opaque.uasset" 780
"../../../Engine/Plugins/Interchange/Assets/Content/gltf/MaterialInstances/MI_SpecularGlossiness_Opaque.uexp" 781
"../../../Engine/Plugins/Interchange/Assets/Content/gltf/MaterialInstances/MI_SpecularGlossiness_Opaque_DS.uasset" 782
"../../../Engine/Plugins/Interchange/Assets/Content/gltf/MaterialInstances/MI_SpecularGlossiness_Opaque_DS.uexp" 783
"../../../Engine/Content/EngineMaterials/Good64x64TilingNoiseHighFreq.uasset" 784
"../../../Engine/Content/EngineMaterials/Good64x64TilingNoiseHighFreq.uexp" 785
"../../../Engine/Content/Functions/Engine_MaterialFunctions02/Texturing/ScreenAlignedPixelToPixelUVs.uasset" 786
"../../../Engine/Content/Functions/Engine_MaterialFunctions02/Texturing/ScreenAlignedPixelToPixelUVs.uexp" 787
"../../../Engine/Plugins/Interchange/Assets/Content/gltf/MaterialFunctions/MF_Fresnel_DS.uasset" 788
"../../../Engine/Plugins/Interchange/Assets/Content/gltf/MaterialFunctions/MF_Fresnel_DS.uexp" 789
"../../../Engine/Plugins/Interchange/Assets/Content/gltf/MaterialFunctions/MF_Temporal_Blur.uasset" 790
"../../../Engine/Plugins/Interchange/Assets/Content/gltf/MaterialFunctions/MF_Temporal_Blur.uexp" 791
"../../../Engine/Plugins/Interchange/Assets/Content/gltf/MaterialFunctions/MF_Transmission.uasset" 792
"../../../Engine/Plugins/Interchange/Assets/Content/gltf/MaterialFunctions/MF_Transmission.uexp" 793
"../../../Engine/Plugins/Interchange/Assets/Content/gltf/MaterialBodies/MF_Transmission_Body.uasset" 794
"../../../Engine/Plugins/Interchange/Assets/Content/gltf/MaterialBodies/MF_Transmission_Body.uexp" 795
"../../../Engine/Plugins/Interchange/Assets/Content/gltf/M_Transmission.uasset" 796
"../../../Engine/Plugins/Interchange/Assets/Content/gltf/M_Transmission.uexp" 797
"../../../Engine/Plugins/Interchange/Assets/Content/gltf/MaterialInstances/MI_Transmission.uasset" 798
"../../../Engine/Plugins/Interchange/Assets/Content/gltf/MaterialInstances/MI_Transmission.uexp" 799
"../../../Engine/Plugins/Interchange/Assets/Content/gltf/MaterialInstances/MI_Transmission_DS.uasset" 800
"../../../Engine/Plugins/Interchange/Assets/Content/gltf/MaterialInstances/MI_Transmission_DS.uexp" 801
"../../../Engine/Plugins/Interchange/Assets/Content/gltf/MaterialBodies/MF_Unlit_Body.uasset" 802
"../../../Engine/Plugins/Interchange/Assets/Content/gltf/MaterialBodies/MF_Unlit_Body.uexp" 803
"../../../Engine/Plugins/Interchange/Assets/Content/gltf/M_Unlit.uasset" 804
"../../../Engine/Plugins/Interchange/Assets/Content/gltf/M_Unlit.uexp" 805
"../../../Engine/Plugins/Interchange/Assets/Content/gltf/MaterialInstances/MI_Unlit_Blend.uasset" 806
"../../../Engine/Plugins/Interchange/Assets/Content/gltf/MaterialInstances/MI_Unlit_Blend.uexp" 807
"../../../Engine/Plugins/Interchange/Assets/Content/gltf/MaterialInstances/MI_Unlit_Blend_DS.uasset" 808
"../../../Engine/Plugins/Interchange/Assets/Content/gltf/MaterialInstances/MI_Unlit_Blend_DS.uexp" 809
"../../../Engine/Plugins/Interchange/Assets/Content/gltf/MaterialInstances/MI_Unlit_Mask.uasset" 810
"../../../Engine/Plugins/Interchange/Assets/Content/gltf/MaterialInstances/MI_Unlit_Mask.uexp" 811
"../../../Engine/Plugins/Interchange/Assets/Content/gltf/MaterialInstances/MI_Unlit_Mask_DS.uasset" 812
"../../../Engine/Plugins/Interchange/Assets/Content/gltf/MaterialInstances/MI_Unlit_Mask_DS.uexp" 813
"../../../Engine/Plugins/Interchange/Assets/Content/gltf/MaterialInstances/MI_Unlit_Opaque.uasset" 814
"../../../Engine/Plugins/Interchange/Assets/Content/gltf/MaterialInstances/MI_Unlit_Opaque.uexp" 815
"../../../Engine/Plugins/Interchange/Assets/Content/gltf/MaterialInstances/MI_Unlit_Opaque_DS.uasset" 816
"../../../Engine/Plugins/Interchange/Assets/Content/gltf/MaterialInstances/MI_Unlit_Opaque_DS.uexp" 817
"../../../Engine/Content/EngineResources/DefaultTextureCube.uasset" 818
"../../../Engine/Content/EngineResources/DefaultTextureCube.uexp" 819
"../../../Engine/Content/EditorLandscapeResources/ColorMaskBrushMaterial.uasset" 820
"../../../Engine/Content/EditorLandscapeResources/ColorMaskBrushMaterial.uexp" 821
"../../../Engine/Content/EditorLandscapeResources/ColorMaskBrushMaterial_MaskedRegion.uasset" 822
"../../../Engine/Content/EditorLandscapeResources/ColorMaskBrushMaterial_MaskedRegion.uexp" 823
"../../../Engine/Content/Functions/Engine_MaterialFunctions03/Math/WithinRangeFloat2.uasset" 824
"../../../Engine/Content/Functions/Engine_MaterialFunctions03/Math/WithinRangeFloat2.uexp" 825
"../../../Engine/Content/EditorLandscapeResources/MaskBrushMaterial.uasset" 826
"../../../Engine/Content/EditorLandscapeResources/MaskBrushMaterial.uexp" 827
"../../../Engine/Content/EditorLandscapeResources/MaskBrushMaterial_MaskedRegion.uasset" 828
"../../../Engine/Content/EditorLandscapeResources/MaskBrushMaterial_MaskedRegion.uexp" 829
"../../../Engine/Content/EditorLandscapeResources/SelectBrushMaterial.uasset" 830
"../../../Engine/Content/EditorLandscapeResources/SelectBrushMaterial.uexp" 831
"../../../Engine/Content/EditorLandscapeResources/SelectBrushMaterial_Selected.uasset" 832
"../../../Engine/Content/EditorLandscapeResources/SelectBrushMaterial_Selected.uexp" 833
"../../../Engine/Content/EditorLandscapeResources/SelectBrushMaterial_SelectedRegion.uasset" 834
"../../../Engine/Content/EditorLandscapeResources/SelectBrushMaterial_SelectedRegion.uexp" 835
"../../../Engine/Content/EngineMaterials/WeightMapPlaceholderTexture.uasset" 836
"../../../Engine/Content/EngineMaterials/WeightMapPlaceholderTexture.uexp" 837
"../../../Engine/Content/EngineMaterials/WeightMapArrayPlaceholderTexture.uasset" 838
"../../../Engine/Content/EngineMaterials/WeightMapArrayPlaceholderTexture.uexp" 839
"../../../Engine/Content/EngineResources/WhiteSquareTexture.uasset" 840
"../../../Engine/Content/EngineResources/WhiteSquareTexture.uexp" 841
"../../../Engine/Content/EngineMaterials/Widget3DPassThrough.uasset" 842
"../../../Engine/Content/EngineMaterials/Widget3DPassThrough.uexp" 843
"../../../Engine/Content/EngineMaterials/Widget3DPassThrough_Masked.uasset" 844
"../../../Engine/Content/EngineMaterials/Widget3DPassThrough_Masked.uexp" 845
"../../../Engine/Content/EngineMaterials/Widget3DPassThrough_Opaque.uasset" 846
"../../../Engine/Content/EngineMaterials/Widget3DPassThrough_Opaque.uexp" 847
"../../../Engine/Content/EngineMaterials/Widget3DPassThrough_Masked_OneSided.uasset" 848
"../../../Engine/Content/EngineMaterials/Widget3DPassThrough_Masked_OneSided.uexp" 849
"../../../Engine/Content/EngineMaterials/Widget3DPassThrough_Opaque_OneSided.uasset" 850
"../../../Engine/Content/EngineMaterials/Widget3DPassThrough_Opaque_OneSided.uexp" 851
"../../../Engine/Content/EngineMaterials/Widget3DPassThrough_Translucent.uasset" 852
"../../../Engine/Content/EngineMaterials/Widget3DPassThrough_Translucent.uexp" 853
"../../../Engine/Content/EngineMaterials/Widget3DPassThrough_Translucent_OneSided.uasset" 854
"../../../Engine/Content/EngineMaterials/Widget3DPassThrough_Translucent_OneSided.uexp" 855
"../../../Engine/Plugins/2D/Paper2D/Content/DefaultSpriteMaterial.uasset" 856
"../../../Engine/Plugins/2D/Paper2D/Content/DefaultSpriteMaterial.uexp" 857
"../../../Engine/Plugins/2D/Paper2D/Content/MaskedUnlitSpriteMaterial.uasset" 858
"../../../Engine/Plugins/2D/Paper2D/Content/MaskedUnlitSpriteMaterial.uexp" 859
"../../../Engine/Plugins/2D/Paper2D/Content/OpaqueUnlitSpriteMaterial.uasset" 860
"../../../Engine/Plugins/2D/Paper2D/Content/OpaqueUnlitSpriteMaterial.uexp" 861
"../../../Engine/Plugins/NNE/NNEDenoiser/Content/NNE_oidn2-3-0_rt_hdr_calb_cnrm_large__dyn__fp16_opset11_ForwardAlpha.uasset" 862
"../../../Engine/Plugins/NNE/NNEDenoiser/Content/NNE_oidn2-3-0_rt_hdr_calb_cnrm_large__dyn__fp16_opset11_ForwardAlpha.uexp" 863
"../../../Engine/Plugins/NNE/NNEDenoiser/Content/NNE_oidn2-3-0_rt_hdr_calb_cnrm_large__dyn__fp16_opset11_DenoiseAlpha.uasset" 864
"../../../Engine/Plugins/NNE/NNEDenoiser/Content/NNE_oidn2-3-0_rt_hdr_calb_cnrm_large__dyn__fp16_opset11_DenoiseAlpha.uexp" 865
"../../../Engine/Plugins/NNE/NNEDenoiser/Content/NNE_oidn2-3-0_rt_hdr_alb_nrm__dyn__fp16_opset11_ForwardAlpha.uasset" 866
"../../../Engine/Plugins/NNE/NNEDenoiser/Content/NNE_oidn2-3-0_rt_hdr_alb_nrm__dyn__fp16_opset11_ForwardAlpha.uexp" 867
"../../../Engine/Plugins/NNE/NNEDenoiser/Content/NNE_oidn2-3-0_rt_hdr_alb_nrm__dyn__fp16_opset11_DenoiseAlpha.uasset" 868
"../../../Engine/Plugins/NNE/NNEDenoiser/Content/NNE_oidn2-3-0_rt_hdr_alb_nrm__dyn__fp16_opset11_DenoiseAlpha.uexp" 869
"../../../Engine/Plugins/NNE/NNEDenoiser/Content/NNE_oidn2-3-0_rt_hdr_alb_nrm_small__dyn__fp16_opset11_ForwardAlpha.uasset" 870
"../../../Engine/Plugins/NNE/NNEDenoiser/Content/NNE_oidn2-3-0_rt_hdr_alb_nrm_small__dyn__fp16_opset11_ForwardAlpha.uexp" 871
"../../../Engine/Plugins/NNE/NNEDenoiser/Content/NNE_oidn2-3-0_rt_hdr_alb_nrm_small__dyn__fp16_opset11_DenoiseAlpha.uasset" 872
"../../../Engine/Plugins/NNE/NNEDenoiser/Content/NNE_oidn2-3-0_rt_hdr_alb_nrm_small__dyn__fp16_opset11_DenoiseAlpha.uexp" 873
"../../../Engine/Plugins/NNE/NNEDenoiser/Content/NNED_Oidn2-3_HighQuality_Alpha.uasset" 874
"../../../Engine/Plugins/NNE/NNEDenoiser/Content/NNED_Oidn2-3_HighQuality_Alpha.uexp" 875
"../../../Engine/Plugins/NNE/NNEDenoiser/Content/NNED_Oidn2-3_HighQuality.uasset" 876
"../../../Engine/Plugins/NNE/NNEDenoiser/Content/NNED_Oidn2-3_HighQuality.uexp" 877
"../../../Engine/Plugins/NNE/NNEDenoiser/Content/NNED_Oidn2-3_Fast_Alpha.uasset" 878
"../../../Engine/Plugins/NNE/NNEDenoiser/Content/NNED_Oidn2-3_Fast_Alpha.uexp" 879
"../../../Engine/Plugins/NNE/NNEDenoiser/Content/NNED_Oidn2-3_Fast.uasset" 880
"../../../Engine/Plugins/NNE/NNEDenoiser/Content/NNED_Oidn2-3_Fast.uexp" 881
"../../../Engine/Plugins/NNE/NNEDenoiser/Content/NNED_Oidn2-3_Balanced_Alpha.uasset" 882
"../../../Engine/Plugins/NNE/NNEDenoiser/Content/NNED_Oidn2-3_Balanced_Alpha.uexp" 883
"../../../Engine/Plugins/NNE/NNEDenoiser/Content/NNED_Oidn2-3_Balanced.uasset" 884
"../../../Engine/Plugins/NNE/NNEDenoiser/Content/NNED_Oidn2-3_Balanced.uexp" 885
"../../../Engine/Plugins/NNE/NNEDenoiser/Content/NNEDT_Oidn2-3_Balanced_Alpha.uasset" 886
"../../../Engine/Plugins/NNE/NNEDenoiser/Content/NNEDT_Oidn2-3_Balanced_Alpha.uexp" 887
"../../../Engine/Plugins/NNE/NNEDenoiser/Content/NNEDT_Oidn2-3_Balanced.uasset" 888
"../../../Engine/Plugins/NNE/NNEDenoiser/Content/NNEDT_Oidn2-3_Balanced.uexp" 889
"../../../Engine/Content/EngineResources/LandscapeVisibilityLayerInfo.uasset" 890
"../../../Engine/Content/EngineResources/LandscapeVisibilityLayerInfo.uexp" 891
"../../../Engine/Plugins/Animation/DeformerGraph/Content/DeformerFunctions/DG_Function_LinearBlendSkin_Morph_Cloth_PositionOnly.uasset" 892
"../../../Engine/Plugins/Animation/DeformerGraph/Content/DeformerFunctions/DG_Function_LinearBlendSkin_Morph_Cloth_PositionOnly.uexp" 893
"../../../Engine/Plugins/Animation/DeformerGraph/Content/DeformerFunctions/DG_Function_ComputeNormalsTangents.uasset" 894
"../../../Engine/Plugins/Animation/DeformerGraph/Content/DeformerFunctions/DG_Function_ComputeNormalsTangents.uexp" 895
"../../../Engine/Plugins/Animation/DeformerGraph/Content/Deformers/DG_LinearBlendSkin_Morph_Cloth_RecomputeNormals.uasset" 896
"../../../Engine/Plugins/Animation/DeformerGraph/Content/Deformers/DG_LinearBlendSkin_Morph_Cloth_RecomputeNormals.uexp" 897
"../../../Engine/Plugins/Animation/DeformerGraph/Content/DeformerFunctions/DG_Function_LinearBlendSkin_Morph_Cloth.uasset" 898
"../../../Engine/Plugins/Animation/DeformerGraph/Content/DeformerFunctions/DG_Function_LinearBlendSkin_Morph_Cloth.uexp" 899
"../../../Engine/Plugins/Animation/DeformerGraph/Content/Deformers/DG_LinearBlendSkin_Morph_Cloth.uasset" 900
"../../../Engine/Plugins/Animation/DeformerGraph/Content/Deformers/DG_LinearBlendSkin_Morph_Cloth.uexp" 901
"../../../Engine/Content/VREditor/TransformGizmo/TranslucentTransformGizmoMaterial_Inst.uasset" 902
"../../../Engine/Content/VREditor/TransformGizmo/TranslucentTransformGizmoMaterial_Inst.uexp" 903
"../../../Engine/Content/VREditor/TransformGizmo/TransformGizmoMaterial_Inst.uasset" 904
"../../../Engine/Content/VREditor/TransformGizmo/TransformGizmoMaterial_Inst.uexp" 905
"../../../Engine/Content/VREditor/Sounds/UI/Drop_Item_From_ContentBrowser.ubulk" 906
"../../../Engine/Content/VREditor/Sounds/UI/Drop_Item_From_ContentBrowser.uasset" 907
"../../../Engine/Content/VREditor/Sounds/UI/Drop_Item_From_ContentBrowser.uexp" 908
"../../../Engine/Content/VREditor/TransformGizmo/UniformScaleHandle.ubulk" 909
"../../../Engine/Content/VREditor/TransformGizmo/UniformScaleHandle.uasset" 910
"../../../Engine/Content/VREditor/TransformGizmo/UniformScaleHandle.uexp" 911
"../../../Engine/Content/VREditor/TransformGizmo/TranslateArrowHandle.ubulk" 912
"../../../Engine/Content/VREditor/TransformGizmo/TranslateArrowHandle.uasset" 913
"../../../Engine/Content/VREditor/TransformGizmo/TranslateArrowHandle.uexp" 914
"../../../Engine/Content/VREditor/TransformGizmo/TransformGizmoFreeRotation.ubulk" 915
"../../../Engine/Content/VREditor/TransformGizmo/TransformGizmoFreeRotation.uasset" 916
"../../../Engine/Content/VREditor/TransformGizmo/TransformGizmoFreeRotation.uexp" 917
"../../../Engine/Content/VREditor/TransformGizmo/StartRotationHandleIndicator.ubulk" 918
"../../../Engine/Content/VREditor/TransformGizmo/StartRotationHandleIndicator.uasset" 919
"../../../Engine/Content/VREditor/TransformGizmo/StartRotationHandleIndicator.uexp" 920
"../../../Engine/Content/Functions/Engine_MaterialFunctions02/SplitComponents.uasset" 921
"../../../Engine/Content/Functions/Engine_MaterialFunctions02/SplitComponents.uexp" 922
"../../../Engine/Content/VREditor/SnapGrid/SnapGridMaterial.uasset" 923
"../../../Engine/Content/VREditor/SnapGrid/SnapGridMaterial.uexp" 924
"../../../Engine/Content/VREditor/SnapGrid/SnapGridPlaneMesh.ubulk" 925
"../../../Engine/Content/VREditor/SnapGrid/SnapGridPlaneMesh.uasset" 926
"../../../Engine/Content/VREditor/SnapGrid/SnapGridPlaneMesh.uexp" 927
"../../../Engine/Content/VREditor/Sounds/UI/Gizmo_Handle_Clicked.ubulk" 928
"../../../Engine/Content/VREditor/Sounds/UI/Gizmo_Handle_Clicked.uasset" 929
"../../../Engine/Content/VREditor/Sounds/UI/Gizmo_Handle_Clicked.uexp" 930
"../../../Engine/Content/VREditor/Sounds/UI/Object_PickUp.ubulk" 931
"../../../Engine/Content/VREditor/Sounds/UI/Object_PickUp.uasset" 932
"../../../Engine/Content/VREditor/Sounds/UI/Object_PickUp.uexp" 933
"../../../Engine/Content/VREditor/Sounds/UI/Object_Snaps_To_Another_Actor.ubulk" 934
"../../../Engine/Content/VREditor/Sounds/UI/Object_Snaps_To_Another_Actor.uasset" 935
"../../../Engine/Content/VREditor/Sounds/UI/Object_Snaps_To_Another_Actor.uexp" 936
"../../../Engine/Content/VREditor/Sounds/UI/Object_Snaps_To_Grid.ubulk" 937
"../../../Engine/Content/VREditor/Sounds/UI/Object_Snaps_To_Grid.uasset" 938
"../../../Engine/Content/VREditor/Sounds/UI/Object_Snaps_To_Grid.uexp" 939
"../../../Engine/Content/VREditor/Sounds/UI/Scaling_Down.ubulk" 940
"../../../Engine/Content/VREditor/Sounds/UI/Scaling_Down.uasset" 941
"../../../Engine/Content/VREditor/Sounds/UI/Scaling_Down.uexp" 942
"../../../Engine/Content/VREditor/Sounds/UI/Scaling_Up.ubulk" 943
"../../../Engine/Content/VREditor/Sounds/UI/Scaling_Up.uasset" 944
"../../../Engine/Content/VREditor/Sounds/UI/Scaling_Up.uexp" 945
"../../../Engine/Content/VREditor/Sounds/UI/Selection_Changes.ubulk" 946
"../../../Engine/Content/VREditor/Sounds/UI/Selection_Changes.uasset" 947
"../../../Engine/Content/VREditor/Sounds/UI/Selection_Changes.uexp" 948
"../../../Engine/Content/VREditor/TransformGizmo/PlaneTranslationHandle.ubulk" 949
"../../../Engine/Content/VREditor/TransformGizmo/PlaneTranslationHandle.uasset" 950
"../../../Engine/Content/VREditor/TransformGizmo/PlaneTranslationHandle.uexp" 951
"../../../Engine/Content/VREditor/TransformGizmo/RotationHandleFull.ubulk" 952
"../../../Engine/Content/VREditor/TransformGizmo/RotationHandleFull.uasset" 953
"../../../Engine/Content/VREditor/TransformGizmo/RotationHandleFull.uexp" 954
"../../../Engine/Content/VREditor/TransformGizmo/RotationHandleIndicator.ubulk" 955
"../../../Engine/Content/VREditor/TransformGizmo/RotationHandleIndicator.uasset" 956
"../../../Engine/Content/VREditor/TransformGizmo/RotationHandleIndicator.uexp" 957
"../../../Engine/Content/VREditor/TransformGizmo/RotationHandleQuarter.ubulk" 958
"../../../Engine/Content/VREditor/TransformGizmo/RotationHandleQuarter.uasset" 959
"../../../Engine/Content/VREditor/TransformGizmo/RotationHandleQuarter.uexp" 960
"../../../Engine/Content/Maps/Entry_BuiltData.uasset" 961
"../../../Engine/Content/Maps/Entry_BuiltData.uexp" 962
"../../../Engine/Content/Maps/Entry.uexp" 963
"../../../Engine/Content/Maps/Entry.umap" 964
"E:/Unreal Engine/Projects/Cheating_Maze/Content/Blueprints/BP_MazeLevelManager.uasset" 965
"E:/Unreal Engine/Projects/Cheating_Maze/Content/Blueprints/BP_MazeLevelManager.uexp" 966
"../../../Engine/Content/BasicShapes/Cube.ubulk" 967
"../../../Engine/Content/BasicShapes/Cube.uasset" 968
"../../../Engine/Content/BasicShapes/Cube.uexp" 969
"E:/Unreal Engine/Projects/Cheating_Maze/Content/Materials/M_Transparent.uasset" 970
"E:/Unreal Engine/Projects/Cheating_Maze/Content/Materials/M_Transparent.uexp" 971
"E:/Unreal Engine/Projects/Cheating_Maze/Content/Blueprints/Core/Enum_InteractableType.uasset" 972
"E:/Unreal Engine/Projects/Cheating_Maze/Content/Blueprints/Core/Enum_InteractableType.uexp" 973
"E:/Unreal Engine/Projects/Cheating_Maze/Content/UI/T_Maze_Map.uasset" 974
"E:/Unreal Engine/Projects/Cheating_Maze/Content/UI/T_Maze_Map.uexp" 975
"E:/Unreal Engine/Projects/Cheating_Maze/Content/UI/T_Hint_Screen.uasset" 976
"E:/Unreal Engine/Projects/Cheating_Maze/Content/UI/T_Hint_Screen.uexp" 977
"E:/Unreal Engine/Projects/Cheating_Maze/Content/Imported/TurretRoad-Regular.uexp" 978
"E:/Unreal Engine/Projects/Cheating_Maze/Content/Imported/TurretRoad-Regular.uasset" 979
"E:/Unreal Engine/Projects/Cheating_Maze/Content/Imported/TurretRoad-Regular.ufont" 980
"E:/Unreal Engine/Projects/Cheating_Maze/Content/Imported/TurretRoad-Regular_Font.uasset" 981
"E:/Unreal Engine/Projects/Cheating_Maze/Content/Imported/TurretRoad-Regular_Font.uexp" 982
"E:/Unreal Engine/Projects/Cheating_Maze/Content/Imported/TurretRoad-ExtraLight.uexp" 983
"E:/Unreal Engine/Projects/Cheating_Maze/Content/Imported/TurretRoad-ExtraLight.uasset" 984
"E:/Unreal Engine/Projects/Cheating_Maze/Content/Imported/TurretRoad-ExtraLight.ufont" 985
"E:/Unreal Engine/Projects/Cheating_Maze/Content/Imported/TurretRoad-ExtraLight_Font.uasset" 986
"E:/Unreal Engine/Projects/Cheating_Maze/Content/Imported/TurretRoad-ExtraLight_Font.uexp" 987
"E:/Unreal Engine/Projects/Cheating_Maze/Content/Blueprints/Widgets/WBP_MainUserWidget.uasset" 988
"E:/Unreal Engine/Projects/Cheating_Maze/Content/Blueprints/Widgets/WBP_MainUserWidget.uexp" 989
"E:/Unreal Engine/Projects/Cheating_Maze/Content/Textures/T_Player_01_Normal.ubulk" 990
"E:/Unreal Engine/Projects/Cheating_Maze/Content/Textures/T_Player_01_Normal.uasset" 991
"E:/Unreal Engine/Projects/Cheating_Maze/Content/Textures/T_Player_01_Normal.uexp" 992
"E:/Unreal Engine/Projects/Cheating_Maze/Content/Textures/T_Player_01_Metallic.ubulk" 993
"E:/Unreal Engine/Projects/Cheating_Maze/Content/Textures/T_Player_01_Metallic.uasset" 994
"E:/Unreal Engine/Projects/Cheating_Maze/Content/Textures/T_Player_01_Metallic.uexp" 995
"E:/Unreal Engine/Projects/Cheating_Maze/Content/Textures/T_Player_01_Emission.ubulk" 996
"E:/Unreal Engine/Projects/Cheating_Maze/Content/Textures/T_Player_01_Emission.uasset" 997
"E:/Unreal Engine/Projects/Cheating_Maze/Content/Textures/T_Player_01_Emission.uexp" 998
"E:/Unreal Engine/Projects/Cheating_Maze/Content/Textures/T_Player_01_AO.ubulk" 999
"E:/Unreal Engine/Projects/Cheating_Maze/Content/Textures/T_Player_01_AO.uasset" 1000
"E:/Unreal Engine/Projects/Cheating_Maze/Content/Textures/T_Player_01_AO.uexp" 1001
"E:/Unreal Engine/Projects/Cheating_Maze/Content/Textures/T_Player_01_Albedo.ubulk" 1002
"E:/Unreal Engine/Projects/Cheating_Maze/Content/Textures/T_Player_01_Albedo.uasset" 1003
"E:/Unreal Engine/Projects/Cheating_Maze/Content/Textures/T_Player_01_Albedo.uexp" 1004
"E:/Unreal Engine/Projects/Cheating_Maze/Content/Materials/M_Player.uasset" 1005
"E:/Unreal Engine/Projects/Cheating_Maze/Content/Materials/M_Player.uexp" 1006
"E:/Unreal Engine/Projects/Cheating_Maze/Content/Input/Actions/IA_Cancel.uasset" 1007
"E:/Unreal Engine/Projects/Cheating_Maze/Content/Input/Actions/IA_Cancel.uexp" 1008
"E:/Unreal Engine/Projects/Cheating_Maze/Content/Input/Actions/IA_Interact.uasset" 1009
"E:/Unreal Engine/Projects/Cheating_Maze/Content/Input/Actions/IA_Interact.uexp" 1010
"E:/Unreal Engine/Projects/Cheating_Maze/Content/Input/Actions/IA_Move.uasset" 1011
"E:/Unreal Engine/Projects/Cheating_Maze/Content/Input/Actions/IA_Move.uexp" 1012
"E:/Unreal Engine/Projects/Cheating_Maze/Content/Input/Actions/IA_Restart.uasset" 1013
"E:/Unreal Engine/Projects/Cheating_Maze/Content/Input/Actions/IA_Restart.uexp" 1014
"E:/Unreal Engine/Projects/Cheating_Maze/Content/Input/Actions/IA_Start.uasset" 1015
"E:/Unreal Engine/Projects/Cheating_Maze/Content/Input/Actions/IA_Start.uexp" 1016
"E:/Unreal Engine/Projects/Cheating_Maze/Content/Input/Actions/IA_TogglePause.uasset" 1017
"E:/Unreal Engine/Projects/Cheating_Maze/Content/Input/Actions/IA_TogglePause.uexp" 1018
"E:/Unreal Engine/Projects/Cheating_Maze/Content/Input/Actions/IA_ResetCamera.uasset" 1019
"E:/Unreal Engine/Projects/Cheating_Maze/Content/Input/Actions/IA_ResetCamera.uexp" 1020
"E:/Unreal Engine/Projects/Cheating_Maze/Content/Input/IMC_MazeGame.uasset" 1021
"E:/Unreal Engine/Projects/Cheating_Maze/Content/Input/IMC_MazeGame.uexp" 1022
"E:/Unreal Engine/Projects/Cheating_Maze/Content/Imported/Player.ubulk" 1023
"E:/Unreal Engine/Projects/Cheating_Maze/Content/Imported/Player.uasset" 1024
"E:/Unreal Engine/Projects/Cheating_Maze/Content/Imported/Player.uexp" 1025
"E:/Unreal Engine/Projects/Cheating_Maze/Content/Blueprints/BP_MazePlayerCharacter.uasset" 1026
"E:/Unreal Engine/Projects/Cheating_Maze/Content/Blueprints/BP_MazePlayerCharacter.uexp" 1027
"E:/Unreal Engine/Projects/Cheating_Maze/Content/Blueprints/Core/Enum_MazeGateType.uasset" 1028
"E:/Unreal Engine/Projects/Cheating_Maze/Content/Blueprints/Core/Enum_MazeGateType.uexp" 1029
"E:/Unreal Engine/Projects/Cheating_Maze/Content/Audio/AU_Timer_Start.ubulk" 1030
"E:/Unreal Engine/Projects/Cheating_Maze/Content/Audio/AU_Timer_Start.uasset" 1031
"E:/Unreal Engine/Projects/Cheating_Maze/Content/Audio/AU_Timer_Start.uexp" 1032
"E:/Unreal Engine/Projects/Cheating_Maze/Content/Audio/AU_Timer_End.ubulk" 1033
"E:/Unreal Engine/Projects/Cheating_Maze/Content/Audio/AU_Timer_End.uasset" 1034
"E:/Unreal Engine/Projects/Cheating_Maze/Content/Audio/AU_Timer_End.uexp" 1035
"E:/Unreal Engine/Projects/Cheating_Maze/Content/Blueprints/BP_MazeGate.uasset" 1036
"E:/Unreal Engine/Projects/Cheating_Maze/Content/Blueprints/BP_MazeGate.uexp" 1037
"E:/Unreal Engine/Projects/Cheating_Maze/Content/Blueprints/BP_MazeGameMode.uasset" 1038
"E:/Unreal Engine/Projects/Cheating_Maze/Content/Blueprints/BP_MazeGameMode.uexp" 1039
"E:/Unreal Engine/Projects/Cheating_Maze/Content/Blueprints/BP_Interactable.uasset" 1040
"E:/Unreal Engine/Projects/Cheating_Maze/Content/Blueprints/BP_Interactable.uexp" 1041
"E:/Unreal Engine/Projects/Cheating_Maze/Content/Audio/AU_UI.ubulk" 1042
"E:/Unreal Engine/Projects/Cheating_Maze/Content/Audio/AU_UI.uasset" 1043
"E:/Unreal Engine/Projects/Cheating_Maze/Content/Audio/AU_UI.uexp" 1044
"E:/Unreal Engine/Projects/Cheating_Maze/Content/Audio/AU_Player_Movement.ubulk" 1045
"E:/Unreal Engine/Projects/Cheating_Maze/Content/Audio/AU_Player_Movement.uasset" 1046
"E:/Unreal Engine/Projects/Cheating_Maze/Content/Audio/AU_Player_Movement.uexp" 1047
"E:/Unreal Engine/Projects/Cheating_Maze/Content/Audio/AU_Console_Interact.ubulk" 1048
"E:/Unreal Engine/Projects/Cheating_Maze/Content/Audio/AU_Console_Interact.uasset" 1049
"E:/Unreal Engine/Projects/Cheating_Maze/Content/Audio/AU_Console_Interact.uexp" 1050
"E:/Unreal Engine/Projects/Cheating_Maze/Content/Blueprints/BP_AudioManager.uasset" 1051
"E:/Unreal Engine/Projects/Cheating_Maze/Content/Blueprints/BP_AudioManager.uexp" 1052
"../../../Engine/Content/EngineSky/T_Sky_Stars.ubulk" 1053
"../../../Engine/Content/EngineSky/T_Sky_Stars.uasset" 1054
"../../../Engine/Content/EngineSky/T_Sky_Stars.uexp" 1055
"../../../Engine/Content/EngineSky/T_Sky_Clouds_M.ubulk" 1056
"../../../Engine/Content/EngineSky/T_Sky_Clouds_M.uasset" 1057
"../../../Engine/Content/EngineSky/T_Sky_Clouds_M.uexp" 1058
"../../../Engine/Content/EngineSky/T_Sky_Blue.ubulk" 1059
"../../../Engine/Content/EngineSky/T_Sky_Blue.uasset" 1060
"../../../Engine/Content/EngineSky/T_Sky_Blue.uexp" 1061
"../../../Engine/Content/EngineSky/M_Sky_Panning_Clouds2.uasset" 1062
"../../../Engine/Content/EngineSky/M_Sky_Panning_Clouds2.uexp" 1063
"../../../Engine/Content/EngineSky/SM_SkySphere.ubulk" 1064
"../../../Engine/Content/EngineSky/SM_SkySphere.uasset" 1065
"../../../Engine/Content/EngineSky/SM_SkySphere.uexp" 1066
"../../../Engine/Content/EngineSky/M_SimpleSkyDome.uasset" 1067
"../../../Engine/Content/EngineSky/M_SimpleSkyDome.uexp" 1068
"E:/Unreal Engine/Projects/Cheating_Maze/Content/Textures/T_Wall_01_Normal.ubulk" 1069
"E:/Unreal Engine/Projects/Cheating_Maze/Content/Textures/T_Wall_01_Normal.uasset" 1070
"E:/Unreal Engine/Projects/Cheating_Maze/Content/Textures/T_Wall_01_Normal.uexp" 1071
"E:/Unreal Engine/Projects/Cheating_Maze/Content/Textures/T_Wall_01_Metallic.ubulk" 1072
"E:/Unreal Engine/Projects/Cheating_Maze/Content/Textures/T_Wall_01_Metallic.uasset" 1073
"E:/Unreal Engine/Projects/Cheating_Maze/Content/Textures/T_Wall_01_Metallic.uexp" 1074
"E:/Unreal Engine/Projects/Cheating_Maze/Content/Textures/T_Wall_01_Emission.ubulk" 1075
"E:/Unreal Engine/Projects/Cheating_Maze/Content/Textures/T_Wall_01_Emission.uasset" 1076
"E:/Unreal Engine/Projects/Cheating_Maze/Content/Textures/T_Wall_01_Emission.uexp" 1077
"E:/Unreal Engine/Projects/Cheating_Maze/Content/Textures/T_Wall_01_AO.ubulk" 1078
"E:/Unreal Engine/Projects/Cheating_Maze/Content/Textures/T_Wall_01_AO.uasset" 1079
"E:/Unreal Engine/Projects/Cheating_Maze/Content/Textures/T_Wall_01_AO.uexp" 1080
"E:/Unreal Engine/Projects/Cheating_Maze/Content/Textures/T_Wall_01_Albedo.ubulk" 1081
"E:/Unreal Engine/Projects/Cheating_Maze/Content/Textures/T_Wall_01_Albedo.uasset" 1082
"E:/Unreal Engine/Projects/Cheating_Maze/Content/Textures/T_Wall_01_Albedo.uexp" 1083
"E:/Unreal Engine/Projects/Cheating_Maze/Content/Materials/M_Wall.uasset" 1084
"E:/Unreal Engine/Projects/Cheating_Maze/Content/Materials/M_Wall.uexp" 1085
"E:/Unreal Engine/Projects/Cheating_Maze/Content/Textures/T_Steel_01_Normal.ubulk" 1086
"E:/Unreal Engine/Projects/Cheating_Maze/Content/Textures/T_Steel_01_Normal.uasset" 1087
"E:/Unreal Engine/Projects/Cheating_Maze/Content/Textures/T_Steel_01_Normal.uexp" 1088
"E:/Unreal Engine/Projects/Cheating_Maze/Content/Textures/T_Steel_01_Metallic.ubulk" 1089
"E:/Unreal Engine/Projects/Cheating_Maze/Content/Textures/T_Steel_01_Metallic.uasset" 1090
"E:/Unreal Engine/Projects/Cheating_Maze/Content/Textures/T_Steel_01_Metallic.uexp" 1091
"E:/Unreal Engine/Projects/Cheating_Maze/Content/Textures/T_Steel_01_Albedo.ubulk" 1092
"E:/Unreal Engine/Projects/Cheating_Maze/Content/Textures/T_Steel_01_Albedo.uasset" 1093
"E:/Unreal Engine/Projects/Cheating_Maze/Content/Textures/T_Steel_01_Albedo.uexp" 1094
"E:/Unreal Engine/Projects/Cheating_Maze/Content/Materials/M_Steel.uasset" 1095
"E:/Unreal Engine/Projects/Cheating_Maze/Content/Materials/M_Steel.uexp" 1096
"../../../Engine/Content/Functions/Engine_MaterialFunctions02/Texturing/CustomRotator.uasset" 1097
"../../../Engine/Content/Functions/Engine_MaterialFunctions02/Texturing/CustomRotator.uexp" 1098
"E:/Unreal Engine/Projects/Cheating_Maze/Content/Textures/T_Sky_Stellar_Up.ubulk" 1099
"E:/Unreal Engine/Projects/Cheating_Maze/Content/Textures/T_Sky_Stellar_Up.uasset" 1100
"E:/Unreal Engine/Projects/Cheating_Maze/Content/Textures/T_Sky_Stellar_Up.uexp" 1101
"E:/Unreal Engine/Projects/Cheating_Maze/Content/Materials/M_Sky_Stellar_Up.uasset" 1102
"E:/Unreal Engine/Projects/Cheating_Maze/Content/Materials/M_Sky_Stellar_Up.uexp" 1103
"E:/Unreal Engine/Projects/Cheating_Maze/Content/Textures/T_Sky_Stellar_Right.ubulk" 1104
"E:/Unreal Engine/Projects/Cheating_Maze/Content/Textures/T_Sky_Stellar_Right.uasset" 1105
"E:/Unreal Engine/Projects/Cheating_Maze/Content/Textures/T_Sky_Stellar_Right.uexp" 1106
"E:/Unreal Engine/Projects/Cheating_Maze/Content/Materials/M_Sky_Stellar_Right.uasset" 1107
"E:/Unreal Engine/Projects/Cheating_Maze/Content/Materials/M_Sky_Stellar_Right.uexp" 1108
"E:/Unreal Engine/Projects/Cheating_Maze/Content/Textures/T_Sky_Stellar_Left.ubulk" 1109
"E:/Unreal Engine/Projects/Cheating_Maze/Content/Textures/T_Sky_Stellar_Left.uasset" 1110
"E:/Unreal Engine/Projects/Cheating_Maze/Content/Textures/T_Sky_Stellar_Left.uexp" 1111
"E:/Unreal Engine/Projects/Cheating_Maze/Content/Materials/M_Sky_Stellar_Left.uasset" 1112
"E:/Unreal Engine/Projects/Cheating_Maze/Content/Materials/M_Sky_Stellar_Left.uexp" 1113
"E:/Unreal Engine/Projects/Cheating_Maze/Content/Textures/T_Sky_Stellar_Front.ubulk" 1114
"E:/Unreal Engine/Projects/Cheating_Maze/Content/Textures/T_Sky_Stellar_Front.uasset" 1115
"E:/Unreal Engine/Projects/Cheating_Maze/Content/Textures/T_Sky_Stellar_Front.uexp" 1116
"E:/Unreal Engine/Projects/Cheating_Maze/Content/Materials/M_Sky_Stellar_Front.uasset" 1117
"E:/Unreal Engine/Projects/Cheating_Maze/Content/Materials/M_Sky_Stellar_Front.uexp" 1118
"E:/Unreal Engine/Projects/Cheating_Maze/Content/Textures/T_Sky_Stellar_Down.ubulk" 1119
"E:/Unreal Engine/Projects/Cheating_Maze/Content/Textures/T_Sky_Stellar_Down.uasset" 1120
"E:/Unreal Engine/Projects/Cheating_Maze/Content/Textures/T_Sky_Stellar_Down.uexp" 1121
"E:/Unreal Engine/Projects/Cheating_Maze/Content/Materials/M_Sky_Stellar_Down.uasset" 1122
"E:/Unreal Engine/Projects/Cheating_Maze/Content/Materials/M_Sky_Stellar_Down.uexp" 1123
"E:/Unreal Engine/Projects/Cheating_Maze/Content/Textures/T_Sky_Stellar_Back.ubulk" 1124
"E:/Unreal Engine/Projects/Cheating_Maze/Content/Textures/T_Sky_Stellar_Back.uasset" 1125
"E:/Unreal Engine/Projects/Cheating_Maze/Content/Textures/T_Sky_Stellar_Back.uexp" 1126
"E:/Unreal Engine/Projects/Cheating_Maze/Content/Materials/M_Sky_Stellar_Back.uasset" 1127
"E:/Unreal Engine/Projects/Cheating_Maze/Content/Materials/M_Sky_Stellar_Back.uexp" 1128
"E:/Unreal Engine/Projects/Cheating_Maze/Content/Textures/T_Sky_Spcae_Up.ubulk" 1129
"E:/Unreal Engine/Projects/Cheating_Maze/Content/Textures/T_Sky_Spcae_Up.uasset" 1130
"E:/Unreal Engine/Projects/Cheating_Maze/Content/Textures/T_Sky_Spcae_Up.uexp" 1131
"E:/Unreal Engine/Projects/Cheating_Maze/Content/Materials/M_Sky_Space_Up.uasset" 1132
"E:/Unreal Engine/Projects/Cheating_Maze/Content/Materials/M_Sky_Space_Up.uexp" 1133
"E:/Unreal Engine/Projects/Cheating_Maze/Content/Textures/T_Sky_Spcae_Right.ubulk" 1134
"E:/Unreal Engine/Projects/Cheating_Maze/Content/Textures/T_Sky_Spcae_Right.uasset" 1135
"E:/Unreal Engine/Projects/Cheating_Maze/Content/Textures/T_Sky_Spcae_Right.uexp" 1136
"E:/Unreal Engine/Projects/Cheating_Maze/Content/Materials/M_Sky_Space_Right.uasset" 1137
"E:/Unreal Engine/Projects/Cheating_Maze/Content/Materials/M_Sky_Space_Right.uexp" 1138
"E:/Unreal Engine/Projects/Cheating_Maze/Content/Textures/T_Sky_Spcae_Left.ubulk" 1139
"E:/Unreal Engine/Projects/Cheating_Maze/Content/Textures/T_Sky_Spcae_Left.uasset" 1140
"E:/Unreal Engine/Projects/Cheating_Maze/Content/Textures/T_Sky_Spcae_Left.uexp" 1141
"E:/Unreal Engine/Projects/Cheating_Maze/Content/Materials/M_Sky_Space_Left.uasset" 1142
"E:/Unreal Engine/Projects/Cheating_Maze/Content/Materials/M_Sky_Space_Left.uexp" 1143
"E:/Unreal Engine/Projects/Cheating_Maze/Content/Textures/T_Sky_Spcae_Front.ubulk" 1144
"E:/Unreal Engine/Projects/Cheating_Maze/Content/Textures/T_Sky_Spcae_Front.uasset" 1145
"E:/Unreal Engine/Projects/Cheating_Maze/Content/Textures/T_Sky_Spcae_Front.uexp" 1146
"E:/Unreal Engine/Projects/Cheating_Maze/Content/Materials/M_Sky_Space_Front.uasset" 1147
"E:/Unreal Engine/Projects/Cheating_Maze/Content/Materials/M_Sky_Space_Front.uexp" 1148
"E:/Unreal Engine/Projects/Cheating_Maze/Content/Textures/T_Sky_Spcae_Down.ubulk" 1149
"E:/Unreal Engine/Projects/Cheating_Maze/Content/Textures/T_Sky_Spcae_Down.uasset" 1150
"E:/Unreal Engine/Projects/Cheating_Maze/Content/Textures/T_Sky_Spcae_Down.uexp" 1151
"E:/Unreal Engine/Projects/Cheating_Maze/Content/Materials/M_Sky_Space_Down.uasset" 1152
"E:/Unreal Engine/Projects/Cheating_Maze/Content/Materials/M_Sky_Space_Down.uexp" 1153
"E:/Unreal Engine/Projects/Cheating_Maze/Content/Textures/T_Sky_Space_Back.ubulk" 1154
"E:/Unreal Engine/Projects/Cheating_Maze/Content/Textures/T_Sky_Space_Back.uasset" 1155
"E:/Unreal Engine/Projects/Cheating_Maze/Content/Textures/T_Sky_Space_Back.uexp" 1156
"E:/Unreal Engine/Projects/Cheating_Maze/Content/Materials/M_Sky_Space_Back.uasset" 1157
"E:/Unreal Engine/Projects/Cheating_Maze/Content/Materials/M_Sky_Space_Back.uexp" 1158
"E:/Unreal Engine/Projects/Cheating_Maze/Content/Textures/T_Screen_V2_Emissive.uasset" 1159
"E:/Unreal Engine/Projects/Cheating_Maze/Content/Textures/T_Screen_V2_Emissive.uexp" 1160
"E:/Unreal Engine/Projects/Cheating_Maze/Content/Textures/T_Screen_Roughness.ubulk" 1161
"E:/Unreal Engine/Projects/Cheating_Maze/Content/Textures/T_Screen_Roughness.uasset" 1162
"E:/Unreal Engine/Projects/Cheating_Maze/Content/Textures/T_Screen_Roughness.uexp" 1163
"E:/Unreal Engine/Projects/Cheating_Maze/Content/Textures/T_Screen_Opacity.ubulk" 1164
"E:/Unreal Engine/Projects/Cheating_Maze/Content/Textures/T_Screen_Opacity.uasset" 1165
"E:/Unreal Engine/Projects/Cheating_Maze/Content/Textures/T_Screen_Opacity.uexp" 1166
"E:/Unreal Engine/Projects/Cheating_Maze/Content/Textures/T_Screen_Normal.ubulk" 1167
"E:/Unreal Engine/Projects/Cheating_Maze/Content/Textures/T_Screen_Normal.uasset" 1168
"E:/Unreal Engine/Projects/Cheating_Maze/Content/Textures/T_Screen_Normal.uexp" 1169
"E:/Unreal Engine/Projects/Cheating_Maze/Content/Textures/T_Screen_Metallic.ubulk" 1170
"E:/Unreal Engine/Projects/Cheating_Maze/Content/Textures/T_Screen_Metallic.uasset" 1171
"E:/Unreal Engine/Projects/Cheating_Maze/Content/Textures/T_Screen_Metallic.uexp" 1172
"E:/Unreal Engine/Projects/Cheating_Maze/Content/Textures/T_Screen_AO.ubulk" 1173
"E:/Unreal Engine/Projects/Cheating_Maze/Content/Textures/T_Screen_AO.uasset" 1174
"E:/Unreal Engine/Projects/Cheating_Maze/Content/Textures/T_Screen_AO.uexp" 1175
"E:/Unreal Engine/Projects/Cheating_Maze/Content/Textures/T_Screen_Albedo.ubulk" 1176
"E:/Unreal Engine/Projects/Cheating_Maze/Content/Textures/T_Screen_Albedo.uasset" 1177
"E:/Unreal Engine/Projects/Cheating_Maze/Content/Textures/T_Screen_Albedo.uexp" 1178
"E:/Unreal Engine/Projects/Cheating_Maze/Content/Materials/M_Hint_Screen.uasset" 1179
"E:/Unreal Engine/Projects/Cheating_Maze/Content/Materials/M_Hint_Screen.uexp" 1180
"E:/Unreal Engine/Projects/Cheating_Maze/Content/Textures/T_Frame_Roughness.ubulk" 1181
"E:/Unreal Engine/Projects/Cheating_Maze/Content/Textures/T_Frame_Roughness.uasset" 1182
"E:/Unreal Engine/Projects/Cheating_Maze/Content/Textures/T_Frame_Roughness.uexp" 1183
"E:/Unreal Engine/Projects/Cheating_Maze/Content/Textures/T_Frame_Normal.ubulk" 1184
"E:/Unreal Engine/Projects/Cheating_Maze/Content/Textures/T_Frame_Normal.uasset" 1185
"E:/Unreal Engine/Projects/Cheating_Maze/Content/Textures/T_Frame_Normal.uexp" 1186
"E:/Unreal Engine/Projects/Cheating_Maze/Content/Textures/T_Frame_Metallic.ubulk" 1187
"E:/Unreal Engine/Projects/Cheating_Maze/Content/Textures/T_Frame_Metallic.uasset" 1188
"E:/Unreal Engine/Projects/Cheating_Maze/Content/Textures/T_Frame_Metallic.uexp" 1189
"E:/Unreal Engine/Projects/Cheating_Maze/Content/Textures/T_Frame_AO.ubulk" 1190
"E:/Unreal Engine/Projects/Cheating_Maze/Content/Textures/T_Frame_AO.uasset" 1191
"E:/Unreal Engine/Projects/Cheating_Maze/Content/Textures/T_Frame_AO.uexp" 1192
"E:/Unreal Engine/Projects/Cheating_Maze/Content/Textures/T_Frame_Albedo.ubulk" 1193
"E:/Unreal Engine/Projects/Cheating_Maze/Content/Textures/T_Frame_Albedo.uasset" 1194
"E:/Unreal Engine/Projects/Cheating_Maze/Content/Textures/T_Frame_Albedo.uexp" 1195
"E:/Unreal Engine/Projects/Cheating_Maze/Content/Materials/M_Hint_Frame.uasset" 1196
"E:/Unreal Engine/Projects/Cheating_Maze/Content/Materials/M_Hint_Frame.uexp" 1197
"E:/Unreal Engine/Projects/Cheating_Maze/Content/Textures/T_Floor_01_Normal.ubulk" 1198
"E:/Unreal Engine/Projects/Cheating_Maze/Content/Textures/T_Floor_01_Normal.uasset" 1199
"E:/Unreal Engine/Projects/Cheating_Maze/Content/Textures/T_Floor_01_Normal.uexp" 1200
"E:/Unreal Engine/Projects/Cheating_Maze/Content/Textures/T_Floor_01_Metallic.ubulk" 1201
"E:/Unreal Engine/Projects/Cheating_Maze/Content/Textures/T_Floor_01_Metallic.uasset" 1202
"E:/Unreal Engine/Projects/Cheating_Maze/Content/Textures/T_Floor_01_Metallic.uexp" 1203
"E:/Unreal Engine/Projects/Cheating_Maze/Content/Textures/T_Floor_01_AO.ubulk" 1204
"E:/Unreal Engine/Projects/Cheating_Maze/Content/Textures/T_Floor_01_AO.uasset" 1205
"E:/Unreal Engine/Projects/Cheating_Maze/Content/Textures/T_Floor_01_AO.uexp" 1206
"E:/Unreal Engine/Projects/Cheating_Maze/Content/Textures/T_Floor_01_Albedo.ubulk" 1207
"E:/Unreal Engine/Projects/Cheating_Maze/Content/Textures/T_Floor_01_Albedo.uasset" 1208
"E:/Unreal Engine/Projects/Cheating_Maze/Content/Textures/T_Floor_01_Albedo.uexp" 1209
"E:/Unreal Engine/Projects/Cheating_Maze/Content/Materials/M_Floor.uasset" 1210
"E:/Unreal Engine/Projects/Cheating_Maze/Content/Materials/M_Floor.uexp" 1211
"E:/Unreal Engine/Projects/Cheating_Maze/Content/Materials/M_Emissive_Green.uasset" 1212
"E:/Unreal Engine/Projects/Cheating_Maze/Content/Materials/M_Emissive_Green.uexp" 1213
"E:/Unreal Engine/Projects/Cheating_Maze/Content/Textures/T_Cyber_Space.uasset" 1214
"E:/Unreal Engine/Projects/Cheating_Maze/Content/Textures/T_Cyber_Space.uexp" 1215
"E:/Unreal Engine/Projects/Cheating_Maze/Content/Materials/M_Cyber_Wall.uasset" 1216
"E:/Unreal Engine/Projects/Cheating_Maze/Content/Materials/M_Cyber_Wall.uexp" 1217
"E:/Unreal Engine/Projects/Cheating_Maze/Content/Textures/T_Cheat_Screen_1.uasset" 1218
"E:/Unreal Engine/Projects/Cheating_Maze/Content/Textures/T_Cheat_Screen_1.uexp" 1219
"E:/Unreal Engine/Projects/Cheating_Maze/Content/Materials/M_Cheat_Screen_1.uasset" 1220
"E:/Unreal Engine/Projects/Cheating_Maze/Content/Materials/M_Cheat_Screen_1.uexp" 1221
"E:/Unreal Engine/Projects/Cheating_Maze/Content/Textures/T_Cheat_Screen_2.uasset" 1222
"E:/Unreal Engine/Projects/Cheating_Maze/Content/Textures/T_Cheat_Screen_2.uexp" 1223
"E:/Unreal Engine/Projects/Cheating_Maze/Content/Materials/M_Cheat_Screen_2.uasset" 1224
"E:/Unreal Engine/Projects/Cheating_Maze/Content/Materials/M_Cheat_Screen_2.uexp" 1225
"E:/Unreal Engine/Projects/Cheating_Maze/Content/Textures/T_Cheat_Screen_3.uasset" 1226
"E:/Unreal Engine/Projects/Cheating_Maze/Content/Textures/T_Cheat_Screen_3.uexp" 1227
"E:/Unreal Engine/Projects/Cheating_Maze/Content/Materials/M_Cheat_Screen_3.uasset" 1228
"E:/Unreal Engine/Projects/Cheating_Maze/Content/Materials/M_Cheat_Screen_3.uexp" 1229
"E:/Unreal Engine/Projects/Cheating_Maze/Content/Textures/T_Cheat_Screen_4.uasset" 1230
"E:/Unreal Engine/Projects/Cheating_Maze/Content/Textures/T_Cheat_Screen_4.uexp" 1231
"E:/Unreal Engine/Projects/Cheating_Maze/Content/Materials/M_Cheat_Screen_4.uasset" 1232
"E:/Unreal Engine/Projects/Cheating_Maze/Content/Materials/M_Cheat_Screen_4.uexp" 1233
"E:/Unreal Engine/Projects/Cheating_Maze/Content/Imported/SM_Skybox.ubulk" 1234
"E:/Unreal Engine/Projects/Cheating_Maze/Content/Imported/SM_Skybox.uasset" 1235
"E:/Unreal Engine/Projects/Cheating_Maze/Content/Imported/SM_Skybox.uexp" 1236
"E:/Unreal Engine/Projects/Cheating_Maze/Content/Imported/Scene.ubulk" 1237
"E:/Unreal Engine/Projects/Cheating_Maze/Content/Imported/Scene.uasset" 1238
"E:/Unreal Engine/Projects/Cheating_Maze/Content/Imported/Scene.uexp" 1239
"E:/Unreal Engine/Projects/Cheating_Maze/Content/Imported/Scene_1.ubulk" 1240
"E:/Unreal Engine/Projects/Cheating_Maze/Content/Imported/Scene_1.uasset" 1241
"E:/Unreal Engine/Projects/Cheating_Maze/Content/Imported/Scene_1.uexp" 1242
"E:/Unreal Engine/Projects/Cheating_Maze/Content/Imported/Scene_2.ubulk" 1243
"E:/Unreal Engine/Projects/Cheating_Maze/Content/Imported/Scene_2.uasset" 1244
"E:/Unreal Engine/Projects/Cheating_Maze/Content/Imported/Scene_2.uexp" 1245
"E:/Unreal Engine/Projects/Cheating_Maze/Content/Imported/Scene_3.ubulk" 1246
"E:/Unreal Engine/Projects/Cheating_Maze/Content/Imported/Scene_3.uasset" 1247
"E:/Unreal Engine/Projects/Cheating_Maze/Content/Imported/Scene_3.uexp" 1248
"E:/Unreal Engine/Projects/Cheating_Maze/Content/Imported/Scene_4.ubulk" 1249
"E:/Unreal Engine/Projects/Cheating_Maze/Content/Imported/Scene_4.uasset" 1250
"E:/Unreal Engine/Projects/Cheating_Maze/Content/Imported/Scene_4.uexp" 1251
"E:/Unreal Engine/Projects/Cheating_Maze/Content/Imported/Scene_5.ubulk" 1252
"E:/Unreal Engine/Projects/Cheating_Maze/Content/Imported/Scene_5.uasset" 1253
"E:/Unreal Engine/Projects/Cheating_Maze/Content/Imported/Scene_5.uexp" 1254
"E:/Unreal Engine/Projects/Cheating_Maze/Content/Imported/Scene_6.ubulk" 1255
"E:/Unreal Engine/Projects/Cheating_Maze/Content/Imported/Scene_6.uasset" 1256
"E:/Unreal Engine/Projects/Cheating_Maze/Content/Imported/Scene_6.uexp" 1257
"E:/Unreal Engine/Projects/Cheating_Maze/Content/Imported/Scene_7.ubulk" 1258
"E:/Unreal Engine/Projects/Cheating_Maze/Content/Imported/Scene_7.uasset" 1259
"E:/Unreal Engine/Projects/Cheating_Maze/Content/Imported/Scene_7.uexp" 1260
"E:/Unreal Engine/Projects/Cheating_Maze/Content/Imported/Scene_8.ubulk" 1261
"E:/Unreal Engine/Projects/Cheating_Maze/Content/Imported/Scene_8.uasset" 1262
"E:/Unreal Engine/Projects/Cheating_Maze/Content/Imported/Scene_8.uexp" 1263
"E:/Unreal Engine/Projects/Cheating_Maze/Content/Imported/Scene_9.ubulk" 1264
"E:/Unreal Engine/Projects/Cheating_Maze/Content/Imported/Scene_9.uasset" 1265
"E:/Unreal Engine/Projects/Cheating_Maze/Content/Imported/Scene_9.uexp" 1266
"E:/Unreal Engine/Projects/Cheating_Maze/Content/Imported/Scene_10.ubulk" 1267
"E:/Unreal Engine/Projects/Cheating_Maze/Content/Imported/Scene_10.uasset" 1268
"E:/Unreal Engine/Projects/Cheating_Maze/Content/Imported/Scene_10.uexp" 1269
"E:/Unreal Engine/Projects/Cheating_Maze/Content/Imported/Scene_12.ubulk" 1270
"E:/Unreal Engine/Projects/Cheating_Maze/Content/Imported/Scene_12.uasset" 1271
"E:/Unreal Engine/Projects/Cheating_Maze/Content/Imported/Scene_12.uexp" 1272
"E:/Unreal Engine/Projects/Cheating_Maze/Content/Imported/Scene_13.ubulk" 1273
"E:/Unreal Engine/Projects/Cheating_Maze/Content/Imported/Scene_13.uasset" 1274
"E:/Unreal Engine/Projects/Cheating_Maze/Content/Imported/Scene_13.uexp" 1275
"E:/Unreal Engine/Projects/Cheating_Maze/Content/Imported/Scene_14.ubulk" 1276
"E:/Unreal Engine/Projects/Cheating_Maze/Content/Imported/Scene_14.uasset" 1277
"E:/Unreal Engine/Projects/Cheating_Maze/Content/Imported/Scene_14.uexp" 1278
"E:/Unreal Engine/Projects/Cheating_Maze/Content/Imported/Scene_15.ubulk" 1279
"E:/Unreal Engine/Projects/Cheating_Maze/Content/Imported/Scene_15.uasset" 1280
"E:/Unreal Engine/Projects/Cheating_Maze/Content/Imported/Scene_15.uexp" 1281
"E:/Unreal Engine/Projects/Cheating_Maze/Content/Imported/Scene_16.ubulk" 1282
"E:/Unreal Engine/Projects/Cheating_Maze/Content/Imported/Scene_16.uasset" 1283
"E:/Unreal Engine/Projects/Cheating_Maze/Content/Imported/Scene_16.uexp" 1284
"E:/Unreal Engine/Projects/Cheating_Maze/Content/Imported/Scene_17.ubulk" 1285
"E:/Unreal Engine/Projects/Cheating_Maze/Content/Imported/Scene_17.uasset" 1286
"E:/Unreal Engine/Projects/Cheating_Maze/Content/Imported/Scene_17.uexp" 1287
"E:/Unreal Engine/Projects/Cheating_Maze/Content/Imported/Scene_18.ubulk" 1288
"E:/Unreal Engine/Projects/Cheating_Maze/Content/Imported/Scene_18.uasset" 1289
"E:/Unreal Engine/Projects/Cheating_Maze/Content/Imported/Scene_18.uexp" 1290
"E:/Unreal Engine/Projects/Cheating_Maze/Content/Imported/Scene_19.ubulk" 1291
"E:/Unreal Engine/Projects/Cheating_Maze/Content/Imported/Scene_19.uasset" 1292
"E:/Unreal Engine/Projects/Cheating_Maze/Content/Imported/Scene_19.uexp" 1293
"E:/Unreal Engine/Projects/Cheating_Maze/Content/Imported/Scene_20.ubulk" 1294
"E:/Unreal Engine/Projects/Cheating_Maze/Content/Imported/Scene_20.uasset" 1295
"E:/Unreal Engine/Projects/Cheating_Maze/Content/Imported/Scene_20.uexp" 1296
"E:/Unreal Engine/Projects/Cheating_Maze/Content/Imported/Scene_21.ubulk" 1297
"E:/Unreal Engine/Projects/Cheating_Maze/Content/Imported/Scene_21.uasset" 1298
"E:/Unreal Engine/Projects/Cheating_Maze/Content/Imported/Scene_21.uexp" 1299
"E:/Unreal Engine/Projects/Cheating_Maze/Content/Imported/Scene_22.ubulk" 1300
"E:/Unreal Engine/Projects/Cheating_Maze/Content/Imported/Scene_22.uasset" 1301
"E:/Unreal Engine/Projects/Cheating_Maze/Content/Imported/Scene_22.uexp" 1302
"E:/Unreal Engine/Projects/Cheating_Maze/Content/Imported/Scene_23.ubulk" 1303
"E:/Unreal Engine/Projects/Cheating_Maze/Content/Imported/Scene_23.uasset" 1304
"E:/Unreal Engine/Projects/Cheating_Maze/Content/Imported/Scene_23.uexp" 1305
"E:/Unreal Engine/Projects/Cheating_Maze/Content/Imported/Scene_24.ubulk" 1306
"E:/Unreal Engine/Projects/Cheating_Maze/Content/Imported/Scene_24.uasset" 1307
"E:/Unreal Engine/Projects/Cheating_Maze/Content/Imported/Scene_24.uexp" 1308
"E:/Unreal Engine/Projects/Cheating_Maze/Content/Imported/Scene_25.ubulk" 1309
"E:/Unreal Engine/Projects/Cheating_Maze/Content/Imported/Scene_25.uasset" 1310
"E:/Unreal Engine/Projects/Cheating_Maze/Content/Imported/Scene_25.uexp" 1311
"E:/Unreal Engine/Projects/Cheating_Maze/Content/Imported/Scene_26.ubulk" 1312
"E:/Unreal Engine/Projects/Cheating_Maze/Content/Imported/Scene_26.uasset" 1313
"E:/Unreal Engine/Projects/Cheating_Maze/Content/Imported/Scene_26.uexp" 1314
"E:/Unreal Engine/Projects/Cheating_Maze/Content/Imported/Scene_27.ubulk" 1315
"E:/Unreal Engine/Projects/Cheating_Maze/Content/Imported/Scene_27.uasset" 1316
"E:/Unreal Engine/Projects/Cheating_Maze/Content/Imported/Scene_27.uexp" 1317
"E:/Unreal Engine/Projects/Cheating_Maze/Content/Imported/Scene_28.ubulk" 1318
"E:/Unreal Engine/Projects/Cheating_Maze/Content/Imported/Scene_28.uasset" 1319
"E:/Unreal Engine/Projects/Cheating_Maze/Content/Imported/Scene_28.uexp" 1320
"E:/Unreal Engine/Projects/Cheating_Maze/Content/Imported/Scene_29.ubulk" 1321
"E:/Unreal Engine/Projects/Cheating_Maze/Content/Imported/Scene_29.uasset" 1322
"E:/Unreal Engine/Projects/Cheating_Maze/Content/Imported/Scene_29.uexp" 1323
"E:/Unreal Engine/Projects/Cheating_Maze/Content/Imported/Scene_30.ubulk" 1324
"E:/Unreal Engine/Projects/Cheating_Maze/Content/Imported/Scene_30.uasset" 1325
"E:/Unreal Engine/Projects/Cheating_Maze/Content/Imported/Scene_30.uexp" 1326
"E:/Unreal Engine/Projects/Cheating_Maze/Content/Imported/Scene_31.ubulk" 1327
"E:/Unreal Engine/Projects/Cheating_Maze/Content/Imported/Scene_31.uasset" 1328
"E:/Unreal Engine/Projects/Cheating_Maze/Content/Imported/Scene_31.uexp" 1329
"E:/Unreal Engine/Projects/Cheating_Maze/Content/Imported/Scene_32.ubulk" 1330
"E:/Unreal Engine/Projects/Cheating_Maze/Content/Imported/Scene_32.uasset" 1331
"E:/Unreal Engine/Projects/Cheating_Maze/Content/Imported/Scene_32.uexp" 1332
"E:/Unreal Engine/Projects/Cheating_Maze/Content/Imported/Scene_33.ubulk" 1333
"E:/Unreal Engine/Projects/Cheating_Maze/Content/Imported/Scene_33.uasset" 1334
"E:/Unreal Engine/Projects/Cheating_Maze/Content/Imported/Scene_33.uexp" 1335
"E:/Unreal Engine/Projects/Cheating_Maze/Content/Imported/Scene_34.ubulk" 1336
"E:/Unreal Engine/Projects/Cheating_Maze/Content/Imported/Scene_34.uasset" 1337
"E:/Unreal Engine/Projects/Cheating_Maze/Content/Imported/Scene_34.uexp" 1338
"E:/Unreal Engine/Projects/Cheating_Maze/Content/Imported/Scene_35.ubulk" 1339
"E:/Unreal Engine/Projects/Cheating_Maze/Content/Imported/Scene_35.uasset" 1340
"E:/Unreal Engine/Projects/Cheating_Maze/Content/Imported/Scene_35.uexp" 1341
"E:/Unreal Engine/Projects/Cheating_Maze/Content/Imported/Scene_36.ubulk" 1342
"E:/Unreal Engine/Projects/Cheating_Maze/Content/Imported/Scene_36.uasset" 1343
"E:/Unreal Engine/Projects/Cheating_Maze/Content/Imported/Scene_36.uexp" 1344
"E:/Unreal Engine/Projects/Cheating_Maze/Content/Imported/Scene_37.ubulk" 1345
"E:/Unreal Engine/Projects/Cheating_Maze/Content/Imported/Scene_37.uasset" 1346
"E:/Unreal Engine/Projects/Cheating_Maze/Content/Imported/Scene_37.uexp" 1347
"E:/Unreal Engine/Projects/Cheating_Maze/Content/Imported/Scene_38.ubulk" 1348
"E:/Unreal Engine/Projects/Cheating_Maze/Content/Imported/Scene_38.uasset" 1349
"E:/Unreal Engine/Projects/Cheating_Maze/Content/Imported/Scene_38.uexp" 1350
"E:/Unreal Engine/Projects/Cheating_Maze/Content/Imported/Scene_39.ubulk" 1351
"E:/Unreal Engine/Projects/Cheating_Maze/Content/Imported/Scene_39.uasset" 1352
"E:/Unreal Engine/Projects/Cheating_Maze/Content/Imported/Scene_39.uexp" 1353
"E:/Unreal Engine/Projects/Cheating_Maze/Content/Imported/Scene_40.ubulk" 1354
"E:/Unreal Engine/Projects/Cheating_Maze/Content/Imported/Scene_40.uasset" 1355
"E:/Unreal Engine/Projects/Cheating_Maze/Content/Imported/Scene_40.uexp" 1356
"E:/Unreal Engine/Projects/Cheating_Maze/Content/Imported/Scene_41.ubulk" 1357
"E:/Unreal Engine/Projects/Cheating_Maze/Content/Imported/Scene_41.uasset" 1358
"E:/Unreal Engine/Projects/Cheating_Maze/Content/Imported/Scene_41.uexp" 1359
"E:/Unreal Engine/Projects/Cheating_Maze/Content/Imported/Scene_42.ubulk" 1360
"E:/Unreal Engine/Projects/Cheating_Maze/Content/Imported/Scene_42.uasset" 1361
"E:/Unreal Engine/Projects/Cheating_Maze/Content/Imported/Scene_42.uexp" 1362
"E:/Unreal Engine/Projects/Cheating_Maze/Content/Imported/Scene_43.ubulk" 1363
"E:/Unreal Engine/Projects/Cheating_Maze/Content/Imported/Scene_43.uasset" 1364
"E:/Unreal Engine/Projects/Cheating_Maze/Content/Imported/Scene_43.uexp" 1365
"E:/Unreal Engine/Projects/Cheating_Maze/Content/Imported/Scene_44.ubulk" 1366
"E:/Unreal Engine/Projects/Cheating_Maze/Content/Imported/Scene_44.uasset" 1367
"E:/Unreal Engine/Projects/Cheating_Maze/Content/Imported/Scene_44.uexp" 1368
"E:/Unreal Engine/Projects/Cheating_Maze/Content/Imported/Scene_45.ubulk" 1369
"E:/Unreal Engine/Projects/Cheating_Maze/Content/Imported/Scene_45.uasset" 1370
"E:/Unreal Engine/Projects/Cheating_Maze/Content/Imported/Scene_45.uexp" 1371
"E:/Unreal Engine/Projects/Cheating_Maze/Content/Imported/Scene_46.ubulk" 1372
"E:/Unreal Engine/Projects/Cheating_Maze/Content/Imported/Scene_46.uasset" 1373
"E:/Unreal Engine/Projects/Cheating_Maze/Content/Imported/Scene_46.uexp" 1374
"E:/Unreal Engine/Projects/Cheating_Maze/Content/Imported/Scene_47.ubulk" 1375
"E:/Unreal Engine/Projects/Cheating_Maze/Content/Imported/Scene_47.uasset" 1376
"E:/Unreal Engine/Projects/Cheating_Maze/Content/Imported/Scene_47.uexp" 1377
"E:/Unreal Engine/Projects/Cheating_Maze/Content/Imported/Scene_48.ubulk" 1378
"E:/Unreal Engine/Projects/Cheating_Maze/Content/Imported/Scene_48.uasset" 1379
"E:/Unreal Engine/Projects/Cheating_Maze/Content/Imported/Scene_48.uexp" 1380
"E:/Unreal Engine/Projects/Cheating_Maze/Content/Imported/Scene_49.ubulk" 1381
"E:/Unreal Engine/Projects/Cheating_Maze/Content/Imported/Scene_49.uasset" 1382
"E:/Unreal Engine/Projects/Cheating_Maze/Content/Imported/Scene_49.uexp" 1383
"E:/Unreal Engine/Projects/Cheating_Maze/Content/Imported/Scene_50.ubulk" 1384
"E:/Unreal Engine/Projects/Cheating_Maze/Content/Imported/Scene_50.uasset" 1385
"E:/Unreal Engine/Projects/Cheating_Maze/Content/Imported/Scene_50.uexp" 1386
"E:/Unreal Engine/Projects/Cheating_Maze/Content/Imported/Scene_51.ubulk" 1387
"E:/Unreal Engine/Projects/Cheating_Maze/Content/Imported/Scene_51.uasset" 1388
"E:/Unreal Engine/Projects/Cheating_Maze/Content/Imported/Scene_51.uexp" 1389
"E:/Unreal Engine/Projects/Cheating_Maze/Content/Imported/Scene_52.ubulk" 1390
"E:/Unreal Engine/Projects/Cheating_Maze/Content/Imported/Scene_52.uasset" 1391
"E:/Unreal Engine/Projects/Cheating_Maze/Content/Imported/Scene_52.uexp" 1392
"E:/Unreal Engine/Projects/Cheating_Maze/Content/Imported/Scene_53.ubulk" 1393
"E:/Unreal Engine/Projects/Cheating_Maze/Content/Imported/Scene_53.uasset" 1394
"E:/Unreal Engine/Projects/Cheating_Maze/Content/Imported/Scene_53.uexp" 1395
"E:/Unreal Engine/Projects/Cheating_Maze/Content/Imported/Scene_54.ubulk" 1396
"E:/Unreal Engine/Projects/Cheating_Maze/Content/Imported/Scene_54.uasset" 1397
"E:/Unreal Engine/Projects/Cheating_Maze/Content/Imported/Scene_54.uexp" 1398
"E:/Unreal Engine/Projects/Cheating_Maze/Content/Imported/Scene_55.ubulk" 1399
"E:/Unreal Engine/Projects/Cheating_Maze/Content/Imported/Scene_55.uasset" 1400
"E:/Unreal Engine/Projects/Cheating_Maze/Content/Imported/Scene_55.uexp" 1401
"E:/Unreal Engine/Projects/Cheating_Maze/Content/Imported/Scene_56.ubulk" 1402
"E:/Unreal Engine/Projects/Cheating_Maze/Content/Imported/Scene_56.uasset" 1403
"E:/Unreal Engine/Projects/Cheating_Maze/Content/Imported/Scene_56.uexp" 1404
"E:/Unreal Engine/Projects/Cheating_Maze/Content/Imported/Scene_57.ubulk" 1405
"E:/Unreal Engine/Projects/Cheating_Maze/Content/Imported/Scene_57.uasset" 1406
"E:/Unreal Engine/Projects/Cheating_Maze/Content/Imported/Scene_57.uexp" 1407
"E:/Unreal Engine/Projects/Cheating_Maze/Content/Imported/Scene_58.ubulk" 1408
"E:/Unreal Engine/Projects/Cheating_Maze/Content/Imported/Scene_58.uasset" 1409
"E:/Unreal Engine/Projects/Cheating_Maze/Content/Imported/Scene_58.uexp" 1410
"E:/Unreal Engine/Projects/Cheating_Maze/Content/Imported/Scene_59.ubulk" 1411
"E:/Unreal Engine/Projects/Cheating_Maze/Content/Imported/Scene_59.uasset" 1412
"E:/Unreal Engine/Projects/Cheating_Maze/Content/Imported/Scene_59.uexp" 1413
"E:/Unreal Engine/Projects/Cheating_Maze/Content/Imported/Scene_60.ubulk" 1414
"E:/Unreal Engine/Projects/Cheating_Maze/Content/Imported/Scene_60.uasset" 1415
"E:/Unreal Engine/Projects/Cheating_Maze/Content/Imported/Scene_60.uexp" 1416
"E:/Unreal Engine/Projects/Cheating_Maze/Content/Imported/Scene_61.ubulk" 1417
"E:/Unreal Engine/Projects/Cheating_Maze/Content/Imported/Scene_61.uasset" 1418
"E:/Unreal Engine/Projects/Cheating_Maze/Content/Imported/Scene_61.uexp" 1419
"E:/Unreal Engine/Projects/Cheating_Maze/Content/Imported/Scene_62.ubulk" 1420
"E:/Unreal Engine/Projects/Cheating_Maze/Content/Imported/Scene_62.uasset" 1421
"E:/Unreal Engine/Projects/Cheating_Maze/Content/Imported/Scene_62.uexp" 1422
"E:/Unreal Engine/Projects/Cheating_Maze/Content/Imported/Scene_63.ubulk" 1423
"E:/Unreal Engine/Projects/Cheating_Maze/Content/Imported/Scene_63.uasset" 1424
"E:/Unreal Engine/Projects/Cheating_Maze/Content/Imported/Scene_63.uexp" 1425
"E:/Unreal Engine/Projects/Cheating_Maze/Content/Imported/Scene_64.ubulk" 1426
"E:/Unreal Engine/Projects/Cheating_Maze/Content/Imported/Scene_64.uasset" 1427
"E:/Unreal Engine/Projects/Cheating_Maze/Content/Imported/Scene_64.uexp" 1428
"E:/Unreal Engine/Projects/Cheating_Maze/Content/Imported/Scene_65.ubulk" 1429
"E:/Unreal Engine/Projects/Cheating_Maze/Content/Imported/Scene_65.uasset" 1430
"E:/Unreal Engine/Projects/Cheating_Maze/Content/Imported/Scene_65.uexp" 1431
"E:/Unreal Engine/Projects/Cheating_Maze/Content/Imported/Scene_66.ubulk" 1432
"E:/Unreal Engine/Projects/Cheating_Maze/Content/Imported/Scene_66.uasset" 1433
"E:/Unreal Engine/Projects/Cheating_Maze/Content/Imported/Scene_66.uexp" 1434
"E:/Unreal Engine/Projects/Cheating_Maze/Content/Imported/Scene_67.ubulk" 1435
"E:/Unreal Engine/Projects/Cheating_Maze/Content/Imported/Scene_67.uasset" 1436
"E:/Unreal Engine/Projects/Cheating_Maze/Content/Imported/Scene_67.uexp" 1437
"E:/Unreal Engine/Projects/Cheating_Maze/Content/Imported/Scene_68.ubulk" 1438
"E:/Unreal Engine/Projects/Cheating_Maze/Content/Imported/Scene_68.uasset" 1439
"E:/Unreal Engine/Projects/Cheating_Maze/Content/Imported/Scene_68.uexp" 1440
"E:/Unreal Engine/Projects/Cheating_Maze/Content/Imported/Scene_69.ubulk" 1441
"E:/Unreal Engine/Projects/Cheating_Maze/Content/Imported/Scene_69.uasset" 1442
"E:/Unreal Engine/Projects/Cheating_Maze/Content/Imported/Scene_69.uexp" 1443
"E:/Unreal Engine/Projects/Cheating_Maze/Content/Imported/Scene_70.ubulk" 1444
"E:/Unreal Engine/Projects/Cheating_Maze/Content/Imported/Scene_70.uasset" 1445
"E:/Unreal Engine/Projects/Cheating_Maze/Content/Imported/Scene_70.uexp" 1446
"E:/Unreal Engine/Projects/Cheating_Maze/Content/Imported/Scene_71.ubulk" 1447
"E:/Unreal Engine/Projects/Cheating_Maze/Content/Imported/Scene_71.uasset" 1448
"E:/Unreal Engine/Projects/Cheating_Maze/Content/Imported/Scene_71.uexp" 1449
"E:/Unreal Engine/Projects/Cheating_Maze/Content/Imported/Scene_72.ubulk" 1450
"E:/Unreal Engine/Projects/Cheating_Maze/Content/Imported/Scene_72.uasset" 1451
"E:/Unreal Engine/Projects/Cheating_Maze/Content/Imported/Scene_72.uexp" 1452
"E:/Unreal Engine/Projects/Cheating_Maze/Content/Imported/Scene_73.ubulk" 1453
"E:/Unreal Engine/Projects/Cheating_Maze/Content/Imported/Scene_73.uasset" 1454
"E:/Unreal Engine/Projects/Cheating_Maze/Content/Imported/Scene_73.uexp" 1455
"E:/Unreal Engine/Projects/Cheating_Maze/Content/Imported/Scene_74.ubulk" 1456
"E:/Unreal Engine/Projects/Cheating_Maze/Content/Imported/Scene_74.uasset" 1457
"E:/Unreal Engine/Projects/Cheating_Maze/Content/Imported/Scene_74.uexp" 1458
"E:/Unreal Engine/Projects/Cheating_Maze/Content/Imported/Scene_75.ubulk" 1459
"E:/Unreal Engine/Projects/Cheating_Maze/Content/Imported/Scene_75.uasset" 1460
"E:/Unreal Engine/Projects/Cheating_Maze/Content/Imported/Scene_75.uexp" 1461
"E:/Unreal Engine/Projects/Cheating_Maze/Content/Imported/Scene_76.ubulk" 1462
"E:/Unreal Engine/Projects/Cheating_Maze/Content/Imported/Scene_76.uasset" 1463
"E:/Unreal Engine/Projects/Cheating_Maze/Content/Imported/Scene_76.uexp" 1464
"E:/Unreal Engine/Projects/Cheating_Maze/Content/Imported/Scene_77.ubulk" 1465
"E:/Unreal Engine/Projects/Cheating_Maze/Content/Imported/Scene_77.uasset" 1466
"E:/Unreal Engine/Projects/Cheating_Maze/Content/Imported/Scene_77.uexp" 1467
"E:/Unreal Engine/Projects/Cheating_Maze/Content/Imported/Scene_78.ubulk" 1468
"E:/Unreal Engine/Projects/Cheating_Maze/Content/Imported/Scene_78.uasset" 1469
"E:/Unreal Engine/Projects/Cheating_Maze/Content/Imported/Scene_78.uexp" 1470
"E:/Unreal Engine/Projects/Cheating_Maze/Content/Imported/Scene_79.ubulk" 1471
"E:/Unreal Engine/Projects/Cheating_Maze/Content/Imported/Scene_79.uasset" 1472
"E:/Unreal Engine/Projects/Cheating_Maze/Content/Imported/Scene_79.uexp" 1473
"E:/Unreal Engine/Projects/Cheating_Maze/Content/Imported/Scene_80.ubulk" 1474
"E:/Unreal Engine/Projects/Cheating_Maze/Content/Imported/Scene_80.uasset" 1475
"E:/Unreal Engine/Projects/Cheating_Maze/Content/Imported/Scene_80.uexp" 1476
"E:/Unreal Engine/Projects/Cheating_Maze/Content/Imported/Scene_81.ubulk" 1477
"E:/Unreal Engine/Projects/Cheating_Maze/Content/Imported/Scene_81.uasset" 1478
"E:/Unreal Engine/Projects/Cheating_Maze/Content/Imported/Scene_81.uexp" 1479
"E:/Unreal Engine/Projects/Cheating_Maze/Content/Imported/Scene_82.ubulk" 1480
"E:/Unreal Engine/Projects/Cheating_Maze/Content/Imported/Scene_82.uasset" 1481
"E:/Unreal Engine/Projects/Cheating_Maze/Content/Imported/Scene_82.uexp" 1482
"E:/Unreal Engine/Projects/Cheating_Maze/Content/Imported/Scene_83.ubulk" 1483
"E:/Unreal Engine/Projects/Cheating_Maze/Content/Imported/Scene_83.uasset" 1484
"E:/Unreal Engine/Projects/Cheating_Maze/Content/Imported/Scene_83.uexp" 1485
"E:/Unreal Engine/Projects/Cheating_Maze/Content/Imported/Scene_84.ubulk" 1486
"E:/Unreal Engine/Projects/Cheating_Maze/Content/Imported/Scene_84.uasset" 1487
"E:/Unreal Engine/Projects/Cheating_Maze/Content/Imported/Scene_84.uexp" 1488
"E:/Unreal Engine/Projects/Cheating_Maze/Content/Imported/Scene_85.ubulk" 1489
"E:/Unreal Engine/Projects/Cheating_Maze/Content/Imported/Scene_85.uasset" 1490
"E:/Unreal Engine/Projects/Cheating_Maze/Content/Imported/Scene_85.uexp" 1491
"E:/Unreal Engine/Projects/Cheating_Maze/Content/Imported/Scene_86.ubulk" 1492
"E:/Unreal Engine/Projects/Cheating_Maze/Content/Imported/Scene_86.uasset" 1493
"E:/Unreal Engine/Projects/Cheating_Maze/Content/Imported/Scene_86.uexp" 1494
"E:/Unreal Engine/Projects/Cheating_Maze/Content/Imported/Scene_87.ubulk" 1495
"E:/Unreal Engine/Projects/Cheating_Maze/Content/Imported/Scene_87.uasset" 1496
"E:/Unreal Engine/Projects/Cheating_Maze/Content/Imported/Scene_87.uexp" 1497
"E:/Unreal Engine/Projects/Cheating_Maze/Content/Imported/Scene_88.ubulk" 1498
"E:/Unreal Engine/Projects/Cheating_Maze/Content/Imported/Scene_88.uasset" 1499
"E:/Unreal Engine/Projects/Cheating_Maze/Content/Imported/Scene_88.uexp" 1500
"E:/Unreal Engine/Projects/Cheating_Maze/Content/Imported/Scene_89.ubulk" 1501
"E:/Unreal Engine/Projects/Cheating_Maze/Content/Imported/Scene_89.uasset" 1502
"E:/Unreal Engine/Projects/Cheating_Maze/Content/Imported/Scene_89.uexp" 1503
"E:/Unreal Engine/Projects/Cheating_Maze/Content/Imported/Scene_90.ubulk" 1504
"E:/Unreal Engine/Projects/Cheating_Maze/Content/Imported/Scene_90.uasset" 1505
"E:/Unreal Engine/Projects/Cheating_Maze/Content/Imported/Scene_90.uexp" 1506
"E:/Unreal Engine/Projects/Cheating_Maze/Content/Imported/Scene_91.ubulk" 1507
"E:/Unreal Engine/Projects/Cheating_Maze/Content/Imported/Scene_91.uasset" 1508
"E:/Unreal Engine/Projects/Cheating_Maze/Content/Imported/Scene_91.uexp" 1509
"E:/Unreal Engine/Projects/Cheating_Maze/Content/Imported/Scene_92.ubulk" 1510
"E:/Unreal Engine/Projects/Cheating_Maze/Content/Imported/Scene_92.uasset" 1511
"E:/Unreal Engine/Projects/Cheating_Maze/Content/Imported/Scene_92.uexp" 1512
"E:/Unreal Engine/Projects/Cheating_Maze/Content/Imported/Scene_93.ubulk" 1513
"E:/Unreal Engine/Projects/Cheating_Maze/Content/Imported/Scene_93.uasset" 1514
"E:/Unreal Engine/Projects/Cheating_Maze/Content/Imported/Scene_93.uexp" 1515
"E:/Unreal Engine/Projects/Cheating_Maze/Content/Imported/Scene_94.ubulk" 1516
"E:/Unreal Engine/Projects/Cheating_Maze/Content/Imported/Scene_94.uasset" 1517
"E:/Unreal Engine/Projects/Cheating_Maze/Content/Imported/Scene_94.uexp" 1518
"E:/Unreal Engine/Projects/Cheating_Maze/Content/Imported/Scene_95.ubulk" 1519
"E:/Unreal Engine/Projects/Cheating_Maze/Content/Imported/Scene_95.uasset" 1520
"E:/Unreal Engine/Projects/Cheating_Maze/Content/Imported/Scene_95.uexp" 1521
"E:/Unreal Engine/Projects/Cheating_Maze/Content/Imported/Scene_96.ubulk" 1522
"E:/Unreal Engine/Projects/Cheating_Maze/Content/Imported/Scene_96.uasset" 1523
"E:/Unreal Engine/Projects/Cheating_Maze/Content/Imported/Scene_96.uexp" 1524
"E:/Unreal Engine/Projects/Cheating_Maze/Content/Imported/Scene_97.ubulk" 1525
"E:/Unreal Engine/Projects/Cheating_Maze/Content/Imported/Scene_97.uasset" 1526
"E:/Unreal Engine/Projects/Cheating_Maze/Content/Imported/Scene_97.uexp" 1527
"E:/Unreal Engine/Projects/Cheating_Maze/Content/Imported/Scene_98.ubulk" 1528
"E:/Unreal Engine/Projects/Cheating_Maze/Content/Imported/Scene_98.uasset" 1529
"E:/Unreal Engine/Projects/Cheating_Maze/Content/Imported/Scene_98.uexp" 1530
"E:/Unreal Engine/Projects/Cheating_Maze/Content/Imported/Scene_99.ubulk" 1531
"E:/Unreal Engine/Projects/Cheating_Maze/Content/Imported/Scene_99.uasset" 1532
"E:/Unreal Engine/Projects/Cheating_Maze/Content/Imported/Scene_99.uexp" 1533
"E:/Unreal Engine/Projects/Cheating_Maze/Content/Imported/Scene_100.ubulk" 1534
"E:/Unreal Engine/Projects/Cheating_Maze/Content/Imported/Scene_100.uasset" 1535
"E:/Unreal Engine/Projects/Cheating_Maze/Content/Imported/Scene_100.uexp" 1536
"E:/Unreal Engine/Projects/Cheating_Maze/Content/Imported/Scene_101.ubulk" 1537
"E:/Unreal Engine/Projects/Cheating_Maze/Content/Imported/Scene_101.uasset" 1538
"E:/Unreal Engine/Projects/Cheating_Maze/Content/Imported/Scene_101.uexp" 1539
"E:/Unreal Engine/Projects/Cheating_Maze/Content/Imported/Scene_102.ubulk" 1540
"E:/Unreal Engine/Projects/Cheating_Maze/Content/Imported/Scene_102.uasset" 1541
"E:/Unreal Engine/Projects/Cheating_Maze/Content/Imported/Scene_102.uexp" 1542
"E:/Unreal Engine/Projects/Cheating_Maze/Content/Imported/Scene_103.ubulk" 1543
"E:/Unreal Engine/Projects/Cheating_Maze/Content/Imported/Scene_103.uasset" 1544
"E:/Unreal Engine/Projects/Cheating_Maze/Content/Imported/Scene_103.uexp" 1545
"E:/Unreal Engine/Projects/Cheating_Maze/Content/Imported/Scene_104.ubulk" 1546
"E:/Unreal Engine/Projects/Cheating_Maze/Content/Imported/Scene_104.uasset" 1547
"E:/Unreal Engine/Projects/Cheating_Maze/Content/Imported/Scene_104.uexp" 1548
"E:/Unreal Engine/Projects/Cheating_Maze/Content/Imported/Scene_105.ubulk" 1549
"E:/Unreal Engine/Projects/Cheating_Maze/Content/Imported/Scene_105.uasset" 1550
"E:/Unreal Engine/Projects/Cheating_Maze/Content/Imported/Scene_105.uexp" 1551
"E:/Unreal Engine/Projects/Cheating_Maze/Content/Imported/Scene_106.ubulk" 1552
"E:/Unreal Engine/Projects/Cheating_Maze/Content/Imported/Scene_106.uasset" 1553
"E:/Unreal Engine/Projects/Cheating_Maze/Content/Imported/Scene_106.uexp" 1554
"E:/Unreal Engine/Projects/Cheating_Maze/Content/Imported/Scene_107.ubulk" 1555
"E:/Unreal Engine/Projects/Cheating_Maze/Content/Imported/Scene_107.uasset" 1556
"E:/Unreal Engine/Projects/Cheating_Maze/Content/Imported/Scene_107.uexp" 1557
"E:/Unreal Engine/Projects/Cheating_Maze/Content/Imported/Scene_108.ubulk" 1558
"E:/Unreal Engine/Projects/Cheating_Maze/Content/Imported/Scene_108.uasset" 1559
"E:/Unreal Engine/Projects/Cheating_Maze/Content/Imported/Scene_108.uexp" 1560
"E:/Unreal Engine/Projects/Cheating_Maze/Content/Imported/Scene_109.ubulk" 1561
"E:/Unreal Engine/Projects/Cheating_Maze/Content/Imported/Scene_109.uasset" 1562
"E:/Unreal Engine/Projects/Cheating_Maze/Content/Imported/Scene_109.uexp" 1563
"E:/Unreal Engine/Projects/Cheating_Maze/Content/Imported/Scene_110.ubulk" 1564
"E:/Unreal Engine/Projects/Cheating_Maze/Content/Imported/Scene_110.uasset" 1565
"E:/Unreal Engine/Projects/Cheating_Maze/Content/Imported/Scene_110.uexp" 1566
"E:/Unreal Engine/Projects/Cheating_Maze/Content/Imported/Scene_111.ubulk" 1567
"E:/Unreal Engine/Projects/Cheating_Maze/Content/Imported/Scene_111.uasset" 1568
"E:/Unreal Engine/Projects/Cheating_Maze/Content/Imported/Scene_111.uexp" 1569
"E:/Unreal Engine/Projects/Cheating_Maze/Content/Imported/Scene_112.ubulk" 1570
"E:/Unreal Engine/Projects/Cheating_Maze/Content/Imported/Scene_112.uasset" 1571
"E:/Unreal Engine/Projects/Cheating_Maze/Content/Imported/Scene_112.uexp" 1572
"E:/Unreal Engine/Projects/Cheating_Maze/Content/Imported/Scene_113.ubulk" 1573
"E:/Unreal Engine/Projects/Cheating_Maze/Content/Imported/Scene_113.uasset" 1574
"E:/Unreal Engine/Projects/Cheating_Maze/Content/Imported/Scene_113.uexp" 1575
"E:/Unreal Engine/Projects/Cheating_Maze/Content/Imported/Scene_114.ubulk" 1576
"E:/Unreal Engine/Projects/Cheating_Maze/Content/Imported/Scene_114.uasset" 1577
"E:/Unreal Engine/Projects/Cheating_Maze/Content/Imported/Scene_114.uexp" 1578
"E:/Unreal Engine/Projects/Cheating_Maze/Content/Imported/Scene_115.ubulk" 1579
"E:/Unreal Engine/Projects/Cheating_Maze/Content/Imported/Scene_115.uasset" 1580
"E:/Unreal Engine/Projects/Cheating_Maze/Content/Imported/Scene_115.uexp" 1581
"E:/Unreal Engine/Projects/Cheating_Maze/Content/Imported/Scene_116.ubulk" 1582
"E:/Unreal Engine/Projects/Cheating_Maze/Content/Imported/Scene_116.uasset" 1583
"E:/Unreal Engine/Projects/Cheating_Maze/Content/Imported/Scene_116.uexp" 1584
"E:/Unreal Engine/Projects/Cheating_Maze/Content/Imported/Scene_117.ubulk" 1585
"E:/Unreal Engine/Projects/Cheating_Maze/Content/Imported/Scene_117.uasset" 1586
"E:/Unreal Engine/Projects/Cheating_Maze/Content/Imported/Scene_117.uexp" 1587
"E:/Unreal Engine/Projects/Cheating_Maze/Content/Imported/Scene_118.ubulk" 1588
"E:/Unreal Engine/Projects/Cheating_Maze/Content/Imported/Scene_118.uasset" 1589
"E:/Unreal Engine/Projects/Cheating_Maze/Content/Imported/Scene_118.uexp" 1590
"E:/Unreal Engine/Projects/Cheating_Maze/Content/Imported/Scene_119.ubulk" 1591
"E:/Unreal Engine/Projects/Cheating_Maze/Content/Imported/Scene_119.uasset" 1592
"E:/Unreal Engine/Projects/Cheating_Maze/Content/Imported/Scene_119.uexp" 1593
"E:/Unreal Engine/Projects/Cheating_Maze/Content/Imported/Scene_120.ubulk" 1594
"E:/Unreal Engine/Projects/Cheating_Maze/Content/Imported/Scene_120.uasset" 1595
"E:/Unreal Engine/Projects/Cheating_Maze/Content/Imported/Scene_120.uexp" 1596
"E:/Unreal Engine/Projects/Cheating_Maze/Content/Imported/Scene_121.ubulk" 1597
"E:/Unreal Engine/Projects/Cheating_Maze/Content/Imported/Scene_121.uasset" 1598
"E:/Unreal Engine/Projects/Cheating_Maze/Content/Imported/Scene_121.uexp" 1599
"E:/Unreal Engine/Projects/Cheating_Maze/Content/Imported/Scene_122.ubulk" 1600
"E:/Unreal Engine/Projects/Cheating_Maze/Content/Imported/Scene_122.uasset" 1601
"E:/Unreal Engine/Projects/Cheating_Maze/Content/Imported/Scene_122.uexp" 1602
"E:/Unreal Engine/Projects/Cheating_Maze/Content/Imported/Scene_123.ubulk" 1603
"E:/Unreal Engine/Projects/Cheating_Maze/Content/Imported/Scene_123.uasset" 1604
"E:/Unreal Engine/Projects/Cheating_Maze/Content/Imported/Scene_123.uexp" 1605
"E:/Unreal Engine/Projects/Cheating_Maze/Content/Imported/Scene_124.ubulk" 1606
"E:/Unreal Engine/Projects/Cheating_Maze/Content/Imported/Scene_124.uasset" 1607
"E:/Unreal Engine/Projects/Cheating_Maze/Content/Imported/Scene_124.uexp" 1608
"E:/Unreal Engine/Projects/Cheating_Maze/Content/Imported/Scene_125.ubulk" 1609
"E:/Unreal Engine/Projects/Cheating_Maze/Content/Imported/Scene_125.uasset" 1610
"E:/Unreal Engine/Projects/Cheating_Maze/Content/Imported/Scene_125.uexp" 1611
"E:/Unreal Engine/Projects/Cheating_Maze/Content/Imported/Scene_126.ubulk" 1612
"E:/Unreal Engine/Projects/Cheating_Maze/Content/Imported/Scene_126.uasset" 1613
"E:/Unreal Engine/Projects/Cheating_Maze/Content/Imported/Scene_126.uexp" 1614
"E:/Unreal Engine/Projects/Cheating_Maze/Content/Imported/Scene_127.ubulk" 1615
"E:/Unreal Engine/Projects/Cheating_Maze/Content/Imported/Scene_127.uasset" 1616
"E:/Unreal Engine/Projects/Cheating_Maze/Content/Imported/Scene_127.uexp" 1617
"E:/Unreal Engine/Projects/Cheating_Maze/Content/Imported/Scene_128.ubulk" 1618
"E:/Unreal Engine/Projects/Cheating_Maze/Content/Imported/Scene_128.uasset" 1619
"E:/Unreal Engine/Projects/Cheating_Maze/Content/Imported/Scene_128.uexp" 1620
"E:/Unreal Engine/Projects/Cheating_Maze/Content/Imported/Scene_129.ubulk" 1621
"E:/Unreal Engine/Projects/Cheating_Maze/Content/Imported/Scene_129.uasset" 1622
"E:/Unreal Engine/Projects/Cheating_Maze/Content/Imported/Scene_129.uexp" 1623
"E:/Unreal Engine/Projects/Cheating_Maze/Content/Imported/Scene_130.ubulk" 1624
"E:/Unreal Engine/Projects/Cheating_Maze/Content/Imported/Scene_130.uasset" 1625
"E:/Unreal Engine/Projects/Cheating_Maze/Content/Imported/Scene_130.uexp" 1626
"E:/Unreal Engine/Projects/Cheating_Maze/Content/Imported/Scene_131.ubulk" 1627
"E:/Unreal Engine/Projects/Cheating_Maze/Content/Imported/Scene_131.uasset" 1628
"E:/Unreal Engine/Projects/Cheating_Maze/Content/Imported/Scene_131.uexp" 1629
"E:/Unreal Engine/Projects/Cheating_Maze/Content/Imported/Scene_132.ubulk" 1630
"E:/Unreal Engine/Projects/Cheating_Maze/Content/Imported/Scene_132.uasset" 1631
"E:/Unreal Engine/Projects/Cheating_Maze/Content/Imported/Scene_132.uexp" 1632
"E:/Unreal Engine/Projects/Cheating_Maze/Content/Imported/Scene_133.ubulk" 1633
"E:/Unreal Engine/Projects/Cheating_Maze/Content/Imported/Scene_133.uasset" 1634
"E:/Unreal Engine/Projects/Cheating_Maze/Content/Imported/Scene_133.uexp" 1635
"E:/Unreal Engine/Projects/Cheating_Maze/Content/Imported/Scene_134.ubulk" 1636
"E:/Unreal Engine/Projects/Cheating_Maze/Content/Imported/Scene_134.uasset" 1637
"E:/Unreal Engine/Projects/Cheating_Maze/Content/Imported/Scene_134.uexp" 1638
"E:/Unreal Engine/Projects/Cheating_Maze/Content/Imported/Scene_135.ubulk" 1639
"E:/Unreal Engine/Projects/Cheating_Maze/Content/Imported/Scene_135.uasset" 1640
"E:/Unreal Engine/Projects/Cheating_Maze/Content/Imported/Scene_135.uexp" 1641
"E:/Unreal Engine/Projects/Cheating_Maze/Content/Imported/Scene_136.ubulk" 1642
"E:/Unreal Engine/Projects/Cheating_Maze/Content/Imported/Scene_136.uasset" 1643
"E:/Unreal Engine/Projects/Cheating_Maze/Content/Imported/Scene_136.uexp" 1644
"E:/Unreal Engine/Projects/Cheating_Maze/Content/Imported/Scene_137.ubulk" 1645
"E:/Unreal Engine/Projects/Cheating_Maze/Content/Imported/Scene_137.uasset" 1646
"E:/Unreal Engine/Projects/Cheating_Maze/Content/Imported/Scene_137.uexp" 1647
"E:/Unreal Engine/Projects/Cheating_Maze/Content/Imported/Scene_138.ubulk" 1648
"E:/Unreal Engine/Projects/Cheating_Maze/Content/Imported/Scene_138.uasset" 1649
"E:/Unreal Engine/Projects/Cheating_Maze/Content/Imported/Scene_138.uexp" 1650
"E:/Unreal Engine/Projects/Cheating_Maze/Content/Imported/Scene_139.ubulk" 1651
"E:/Unreal Engine/Projects/Cheating_Maze/Content/Imported/Scene_139.uasset" 1652
"E:/Unreal Engine/Projects/Cheating_Maze/Content/Imported/Scene_139.uexp" 1653
"E:/Unreal Engine/Projects/Cheating_Maze/Content/Imported/Scene_140.ubulk" 1654
"E:/Unreal Engine/Projects/Cheating_Maze/Content/Imported/Scene_140.uasset" 1655
"E:/Unreal Engine/Projects/Cheating_Maze/Content/Imported/Scene_140.uexp" 1656
"E:/Unreal Engine/Projects/Cheating_Maze/Content/Imported/Scene_141.ubulk" 1657
"E:/Unreal Engine/Projects/Cheating_Maze/Content/Imported/Scene_141.uasset" 1658
"E:/Unreal Engine/Projects/Cheating_Maze/Content/Imported/Scene_141.uexp" 1659
"E:/Unreal Engine/Projects/Cheating_Maze/Content/Imported/Scene_142.ubulk" 1660
"E:/Unreal Engine/Projects/Cheating_Maze/Content/Imported/Scene_142.uasset" 1661
"E:/Unreal Engine/Projects/Cheating_Maze/Content/Imported/Scene_142.uexp" 1662
"E:/Unreal Engine/Projects/Cheating_Maze/Content/Imported/Scene_143.ubulk" 1663
"E:/Unreal Engine/Projects/Cheating_Maze/Content/Imported/Scene_143.uasset" 1664
"E:/Unreal Engine/Projects/Cheating_Maze/Content/Imported/Scene_143.uexp" 1665
"E:/Unreal Engine/Projects/Cheating_Maze/Content/Imported/Scene_144.ubulk" 1666
"E:/Unreal Engine/Projects/Cheating_Maze/Content/Imported/Scene_144.uasset" 1667
"E:/Unreal Engine/Projects/Cheating_Maze/Content/Imported/Scene_144.uexp" 1668
"E:/Unreal Engine/Projects/Cheating_Maze/Content/Imported/Scene_145.ubulk" 1669
"E:/Unreal Engine/Projects/Cheating_Maze/Content/Imported/Scene_145.uasset" 1670
"E:/Unreal Engine/Projects/Cheating_Maze/Content/Imported/Scene_145.uexp" 1671
"E:/Unreal Engine/Projects/Cheating_Maze/Content/Imported/Scene_146.ubulk" 1672
"E:/Unreal Engine/Projects/Cheating_Maze/Content/Imported/Scene_146.uasset" 1673
"E:/Unreal Engine/Projects/Cheating_Maze/Content/Imported/Scene_146.uexp" 1674
"E:/Unreal Engine/Projects/Cheating_Maze/Content/Imported/Scene_147.ubulk" 1675
"E:/Unreal Engine/Projects/Cheating_Maze/Content/Imported/Scene_147.uasset" 1676
"E:/Unreal Engine/Projects/Cheating_Maze/Content/Imported/Scene_147.uexp" 1677
"E:/Unreal Engine/Projects/Cheating_Maze/Content/Imported/Scene_148.ubulk" 1678
"E:/Unreal Engine/Projects/Cheating_Maze/Content/Imported/Scene_148.uasset" 1679
"E:/Unreal Engine/Projects/Cheating_Maze/Content/Imported/Scene_148.uexp" 1680
"E:/Unreal Engine/Projects/Cheating_Maze/Content/Imported/Scene_149.ubulk" 1681
"E:/Unreal Engine/Projects/Cheating_Maze/Content/Imported/Scene_149.uasset" 1682
"E:/Unreal Engine/Projects/Cheating_Maze/Content/Imported/Scene_149.uexp" 1683
"E:/Unreal Engine/Projects/Cheating_Maze/Content/Imported/Scene_150.ubulk" 1684
"E:/Unreal Engine/Projects/Cheating_Maze/Content/Imported/Scene_150.uasset" 1685
"E:/Unreal Engine/Projects/Cheating_Maze/Content/Imported/Scene_150.uexp" 1686
"E:/Unreal Engine/Projects/Cheating_Maze/Content/Imported/Scene_151.ubulk" 1687
"E:/Unreal Engine/Projects/Cheating_Maze/Content/Imported/Scene_151.uasset" 1688
"E:/Unreal Engine/Projects/Cheating_Maze/Content/Imported/Scene_151.uexp" 1689
"E:/Unreal Engine/Projects/Cheating_Maze/Content/Imported/Scene_152.ubulk" 1690
"E:/Unreal Engine/Projects/Cheating_Maze/Content/Imported/Scene_152.uasset" 1691
"E:/Unreal Engine/Projects/Cheating_Maze/Content/Imported/Scene_152.uexp" 1692
"E:/Unreal Engine/Projects/Cheating_Maze/Content/Imported/Scene_153.ubulk" 1693
"E:/Unreal Engine/Projects/Cheating_Maze/Content/Imported/Scene_153.uasset" 1694
"E:/Unreal Engine/Projects/Cheating_Maze/Content/Imported/Scene_153.uexp" 1695
"E:/Unreal Engine/Projects/Cheating_Maze/Content/Imported/Scene_154.ubulk" 1696
"E:/Unreal Engine/Projects/Cheating_Maze/Content/Imported/Scene_154.uasset" 1697
"E:/Unreal Engine/Projects/Cheating_Maze/Content/Imported/Scene_154.uexp" 1698
"E:/Unreal Engine/Projects/Cheating_Maze/Content/Imported/Scene_155.ubulk" 1699
"E:/Unreal Engine/Projects/Cheating_Maze/Content/Imported/Scene_155.uasset" 1700
"E:/Unreal Engine/Projects/Cheating_Maze/Content/Imported/Scene_155.uexp" 1701
"E:/Unreal Engine/Projects/Cheating_Maze/Content/Imported/Scene_156.ubulk" 1702
"E:/Unreal Engine/Projects/Cheating_Maze/Content/Imported/Scene_156.uasset" 1703
"E:/Unreal Engine/Projects/Cheating_Maze/Content/Imported/Scene_156.uexp" 1704
"E:/Unreal Engine/Projects/Cheating_Maze/Content/Imported/Scene_157.ubulk" 1705
"E:/Unreal Engine/Projects/Cheating_Maze/Content/Imported/Scene_157.uasset" 1706
"E:/Unreal Engine/Projects/Cheating_Maze/Content/Imported/Scene_157.uexp" 1707
"E:/Unreal Engine/Projects/Cheating_Maze/Content/Imported/Scene_158.ubulk" 1708
"E:/Unreal Engine/Projects/Cheating_Maze/Content/Imported/Scene_158.uasset" 1709
"E:/Unreal Engine/Projects/Cheating_Maze/Content/Imported/Scene_158.uexp" 1710
"E:/Unreal Engine/Projects/Cheating_Maze/Content/Imported/Scene_159.ubulk" 1711
"E:/Unreal Engine/Projects/Cheating_Maze/Content/Imported/Scene_159.uasset" 1712
"E:/Unreal Engine/Projects/Cheating_Maze/Content/Imported/Scene_159.uexp" 1713
"E:/Unreal Engine/Projects/Cheating_Maze/Content/Imported/Scene_160.ubulk" 1714
"E:/Unreal Engine/Projects/Cheating_Maze/Content/Imported/Scene_160.uasset" 1715
"E:/Unreal Engine/Projects/Cheating_Maze/Content/Imported/Scene_160.uexp" 1716
"E:/Unreal Engine/Projects/Cheating_Maze/Content/Imported/Scene_161.ubulk" 1717
"E:/Unreal Engine/Projects/Cheating_Maze/Content/Imported/Scene_161.uasset" 1718
"E:/Unreal Engine/Projects/Cheating_Maze/Content/Imported/Scene_161.uexp" 1719
"E:/Unreal Engine/Projects/Cheating_Maze/Content/Imported/Scene_162.ubulk" 1720
"E:/Unreal Engine/Projects/Cheating_Maze/Content/Imported/Scene_162.uasset" 1721
"E:/Unreal Engine/Projects/Cheating_Maze/Content/Imported/Scene_162.uexp" 1722
"E:/Unreal Engine/Projects/Cheating_Maze/Content/Imported/Scene_163.ubulk" 1723
"E:/Unreal Engine/Projects/Cheating_Maze/Content/Imported/Scene_163.uasset" 1724
"E:/Unreal Engine/Projects/Cheating_Maze/Content/Imported/Scene_163.uexp" 1725
"E:/Unreal Engine/Projects/Cheating_Maze/Content/Imported/Scene_164.ubulk" 1726
"E:/Unreal Engine/Projects/Cheating_Maze/Content/Imported/Scene_164.uasset" 1727
"E:/Unreal Engine/Projects/Cheating_Maze/Content/Imported/Scene_164.uexp" 1728
"E:/Unreal Engine/Projects/Cheating_Maze/Content/Imported/Scene_165.ubulk" 1729
"E:/Unreal Engine/Projects/Cheating_Maze/Content/Imported/Scene_165.uasset" 1730
"E:/Unreal Engine/Projects/Cheating_Maze/Content/Imported/Scene_165.uexp" 1731
"E:/Unreal Engine/Projects/Cheating_Maze/Content/Imported/Scene_166.ubulk" 1732
"E:/Unreal Engine/Projects/Cheating_Maze/Content/Imported/Scene_166.uasset" 1733
"E:/Unreal Engine/Projects/Cheating_Maze/Content/Imported/Scene_166.uexp" 1734
"E:/Unreal Engine/Projects/Cheating_Maze/Content/Imported/Scene_167.ubulk" 1735
"E:/Unreal Engine/Projects/Cheating_Maze/Content/Imported/Scene_167.uasset" 1736
"E:/Unreal Engine/Projects/Cheating_Maze/Content/Imported/Scene_167.uexp" 1737
"E:/Unreal Engine/Projects/Cheating_Maze/Content/Imported/Scene_168.ubulk" 1738
"E:/Unreal Engine/Projects/Cheating_Maze/Content/Imported/Scene_168.uasset" 1739
"E:/Unreal Engine/Projects/Cheating_Maze/Content/Imported/Scene_168.uexp" 1740
"E:/Unreal Engine/Projects/Cheating_Maze/Content/Imported/Scene_169.ubulk" 1741
"E:/Unreal Engine/Projects/Cheating_Maze/Content/Imported/Scene_169.uasset" 1742
"E:/Unreal Engine/Projects/Cheating_Maze/Content/Imported/Scene_169.uexp" 1743
"E:/Unreal Engine/Projects/Cheating_Maze/Content/Imported/Scene_170.ubulk" 1744
"E:/Unreal Engine/Projects/Cheating_Maze/Content/Imported/Scene_170.uasset" 1745
"E:/Unreal Engine/Projects/Cheating_Maze/Content/Imported/Scene_170.uexp" 1746
"E:/Unreal Engine/Projects/Cheating_Maze/Content/Imported/Scene_171.ubulk" 1747
"E:/Unreal Engine/Projects/Cheating_Maze/Content/Imported/Scene_171.uasset" 1748
"E:/Unreal Engine/Projects/Cheating_Maze/Content/Imported/Scene_171.uexp" 1749
"E:/Unreal Engine/Projects/Cheating_Maze/Content/Imported/Scene_172.ubulk" 1750
"E:/Unreal Engine/Projects/Cheating_Maze/Content/Imported/Scene_172.uasset" 1751
"E:/Unreal Engine/Projects/Cheating_Maze/Content/Imported/Scene_172.uexp" 1752
"E:/Unreal Engine/Projects/Cheating_Maze/Content/Imported/Scene_173.ubulk" 1753
"E:/Unreal Engine/Projects/Cheating_Maze/Content/Imported/Scene_173.uasset" 1754
"E:/Unreal Engine/Projects/Cheating_Maze/Content/Imported/Scene_173.uexp" 1755
"E:/Unreal Engine/Projects/Cheating_Maze/Content/Imported/Scene_174.ubulk" 1756
"E:/Unreal Engine/Projects/Cheating_Maze/Content/Imported/Scene_174.uasset" 1757
"E:/Unreal Engine/Projects/Cheating_Maze/Content/Imported/Scene_174.uexp" 1758
"E:/Unreal Engine/Projects/Cheating_Maze/Content/Imported/Scene_175.ubulk" 1759
"E:/Unreal Engine/Projects/Cheating_Maze/Content/Imported/Scene_175.uasset" 1760
"E:/Unreal Engine/Projects/Cheating_Maze/Content/Imported/Scene_175.uexp" 1761
"E:/Unreal Engine/Projects/Cheating_Maze/Content/Imported/Scene_176.ubulk" 1762
"E:/Unreal Engine/Projects/Cheating_Maze/Content/Imported/Scene_176.uasset" 1763
"E:/Unreal Engine/Projects/Cheating_Maze/Content/Imported/Scene_176.uexp" 1764
"E:/Unreal Engine/Projects/Cheating_Maze/Content/Imported/Scene_177.ubulk" 1765
"E:/Unreal Engine/Projects/Cheating_Maze/Content/Imported/Scene_177.uasset" 1766
"E:/Unreal Engine/Projects/Cheating_Maze/Content/Imported/Scene_177.uexp" 1767
"E:/Unreal Engine/Projects/Cheating_Maze/Content/Imported/Scene_178.ubulk" 1768
"E:/Unreal Engine/Projects/Cheating_Maze/Content/Imported/Scene_178.uasset" 1769
"E:/Unreal Engine/Projects/Cheating_Maze/Content/Imported/Scene_178.uexp" 1770
"E:/Unreal Engine/Projects/Cheating_Maze/Content/Imported/Scene_179.ubulk" 1771
"E:/Unreal Engine/Projects/Cheating_Maze/Content/Imported/Scene_179.uasset" 1772
"E:/Unreal Engine/Projects/Cheating_Maze/Content/Imported/Scene_179.uexp" 1773
"E:/Unreal Engine/Projects/Cheating_Maze/Content/Imported/Scene_180.ubulk" 1774
"E:/Unreal Engine/Projects/Cheating_Maze/Content/Imported/Scene_180.uasset" 1775
"E:/Unreal Engine/Projects/Cheating_Maze/Content/Imported/Scene_180.uexp" 1776
"E:/Unreal Engine/Projects/Cheating_Maze/Content/Imported/Scene_181.ubulk" 1777
"E:/Unreal Engine/Projects/Cheating_Maze/Content/Imported/Scene_181.uasset" 1778
"E:/Unreal Engine/Projects/Cheating_Maze/Content/Imported/Scene_181.uexp" 1779
"E:/Unreal Engine/Projects/Cheating_Maze/Content/Imported/Scene_182.ubulk" 1780
"E:/Unreal Engine/Projects/Cheating_Maze/Content/Imported/Scene_182.uasset" 1781
"E:/Unreal Engine/Projects/Cheating_Maze/Content/Imported/Scene_182.uexp" 1782
"E:/Unreal Engine/Projects/Cheating_Maze/Content/Imported/Scene_183.ubulk" 1783
"E:/Unreal Engine/Projects/Cheating_Maze/Content/Imported/Scene_183.uasset" 1784
"E:/Unreal Engine/Projects/Cheating_Maze/Content/Imported/Scene_183.uexp" 1785
"E:/Unreal Engine/Projects/Cheating_Maze/Content/Imported/Scene_184.ubulk" 1786
"E:/Unreal Engine/Projects/Cheating_Maze/Content/Imported/Scene_184.uasset" 1787
"E:/Unreal Engine/Projects/Cheating_Maze/Content/Imported/Scene_184.uexp" 1788
"E:/Unreal Engine/Projects/Cheating_Maze/Content/Imported/Scene_185.ubulk" 1789
"E:/Unreal Engine/Projects/Cheating_Maze/Content/Imported/Scene_185.uasset" 1790
"E:/Unreal Engine/Projects/Cheating_Maze/Content/Imported/Scene_185.uexp" 1791
"E:/Unreal Engine/Projects/Cheating_Maze/Content/Imported/Scene_186.ubulk" 1792
"E:/Unreal Engine/Projects/Cheating_Maze/Content/Imported/Scene_186.uasset" 1793
"E:/Unreal Engine/Projects/Cheating_Maze/Content/Imported/Scene_186.uexp" 1794
"E:/Unreal Engine/Projects/Cheating_Maze/Content/Imported/Scene_187.ubulk" 1795
"E:/Unreal Engine/Projects/Cheating_Maze/Content/Imported/Scene_187.uasset" 1796
"E:/Unreal Engine/Projects/Cheating_Maze/Content/Imported/Scene_187.uexp" 1797
"E:/Unreal Engine/Projects/Cheating_Maze/Content/Imported/Scene_188.ubulk" 1798
"E:/Unreal Engine/Projects/Cheating_Maze/Content/Imported/Scene_188.uasset" 1799
"E:/Unreal Engine/Projects/Cheating_Maze/Content/Imported/Scene_188.uexp" 1800
"E:/Unreal Engine/Projects/Cheating_Maze/Content/Imported/Scene_189.ubulk" 1801
"E:/Unreal Engine/Projects/Cheating_Maze/Content/Imported/Scene_189.uasset" 1802
"E:/Unreal Engine/Projects/Cheating_Maze/Content/Imported/Scene_189.uexp" 1803
"E:/Unreal Engine/Projects/Cheating_Maze/Content/Imported/Scene_190.ubulk" 1804
"E:/Unreal Engine/Projects/Cheating_Maze/Content/Imported/Scene_190.uasset" 1805
"E:/Unreal Engine/Projects/Cheating_Maze/Content/Imported/Scene_190.uexp" 1806
"E:/Unreal Engine/Projects/Cheating_Maze/Content/Imported/Scene_191.ubulk" 1807
"E:/Unreal Engine/Projects/Cheating_Maze/Content/Imported/Scene_191.uasset" 1808
"E:/Unreal Engine/Projects/Cheating_Maze/Content/Imported/Scene_191.uexp" 1809
"E:/Unreal Engine/Projects/Cheating_Maze/Content/Imported/Scene_192.ubulk" 1810
"E:/Unreal Engine/Projects/Cheating_Maze/Content/Imported/Scene_192.uasset" 1811
"E:/Unreal Engine/Projects/Cheating_Maze/Content/Imported/Scene_192.uexp" 1812
"E:/Unreal Engine/Projects/Cheating_Maze/Content/Imported/Scene_193.ubulk" 1813
"E:/Unreal Engine/Projects/Cheating_Maze/Content/Imported/Scene_193.uasset" 1814
"E:/Unreal Engine/Projects/Cheating_Maze/Content/Imported/Scene_193.uexp" 1815
"E:/Unreal Engine/Projects/Cheating_Maze/Content/Imported/Scene_194.ubulk" 1816
"E:/Unreal Engine/Projects/Cheating_Maze/Content/Imported/Scene_194.uasset" 1817
"E:/Unreal Engine/Projects/Cheating_Maze/Content/Imported/Scene_194.uexp" 1818
"E:/Unreal Engine/Projects/Cheating_Maze/Content/Imported/Scene_195.ubulk" 1819
"E:/Unreal Engine/Projects/Cheating_Maze/Content/Imported/Scene_195.uasset" 1820
"E:/Unreal Engine/Projects/Cheating_Maze/Content/Imported/Scene_195.uexp" 1821
"E:/Unreal Engine/Projects/Cheating_Maze/Content/Imported/Scene_196.ubulk" 1822
"E:/Unreal Engine/Projects/Cheating_Maze/Content/Imported/Scene_196.uasset" 1823
"E:/Unreal Engine/Projects/Cheating_Maze/Content/Imported/Scene_196.uexp" 1824
"E:/Unreal Engine/Projects/Cheating_Maze/Content/Imported/Scene_197.ubulk" 1825
"E:/Unreal Engine/Projects/Cheating_Maze/Content/Imported/Scene_197.uasset" 1826
"E:/Unreal Engine/Projects/Cheating_Maze/Content/Imported/Scene_197.uexp" 1827
"E:/Unreal Engine/Projects/Cheating_Maze/Content/Imported/Scene_198.ubulk" 1828
"E:/Unreal Engine/Projects/Cheating_Maze/Content/Imported/Scene_198.uasset" 1829
"E:/Unreal Engine/Projects/Cheating_Maze/Content/Imported/Scene_198.uexp" 1830
"E:/Unreal Engine/Projects/Cheating_Maze/Content/Imported/Scene_199.ubulk" 1831
"E:/Unreal Engine/Projects/Cheating_Maze/Content/Imported/Scene_199.uasset" 1832
"E:/Unreal Engine/Projects/Cheating_Maze/Content/Imported/Scene_199.uexp" 1833
"E:/Unreal Engine/Projects/Cheating_Maze/Content/Imported/Scene_200.ubulk" 1834
"E:/Unreal Engine/Projects/Cheating_Maze/Content/Imported/Scene_200.uasset" 1835
"E:/Unreal Engine/Projects/Cheating_Maze/Content/Imported/Scene_200.uexp" 1836
"E:/Unreal Engine/Projects/Cheating_Maze/Content/Imported/Scene_201.ubulk" 1837
"E:/Unreal Engine/Projects/Cheating_Maze/Content/Imported/Scene_201.uasset" 1838
"E:/Unreal Engine/Projects/Cheating_Maze/Content/Imported/Scene_201.uexp" 1839
"E:/Unreal Engine/Projects/Cheating_Maze/Content/Imported/Scene_202.ubulk" 1840
"E:/Unreal Engine/Projects/Cheating_Maze/Content/Imported/Scene_202.uasset" 1841
"E:/Unreal Engine/Projects/Cheating_Maze/Content/Imported/Scene_202.uexp" 1842
"E:/Unreal Engine/Projects/Cheating_Maze/Content/Imported/Scene_203.ubulk" 1843
"E:/Unreal Engine/Projects/Cheating_Maze/Content/Imported/Scene_203.uasset" 1844
"E:/Unreal Engine/Projects/Cheating_Maze/Content/Imported/Scene_203.uexp" 1845
"E:/Unreal Engine/Projects/Cheating_Maze/Content/Imported/Scene_204.ubulk" 1846
"E:/Unreal Engine/Projects/Cheating_Maze/Content/Imported/Scene_204.uasset" 1847
"E:/Unreal Engine/Projects/Cheating_Maze/Content/Imported/Scene_204.uexp" 1848
"E:/Unreal Engine/Projects/Cheating_Maze/Content/Imported/Scene_205.ubulk" 1849
"E:/Unreal Engine/Projects/Cheating_Maze/Content/Imported/Scene_205.uasset" 1850
"E:/Unreal Engine/Projects/Cheating_Maze/Content/Imported/Scene_205.uexp" 1851
"E:/Unreal Engine/Projects/Cheating_Maze/Content/Imported/Scene_206.ubulk" 1852
"E:/Unreal Engine/Projects/Cheating_Maze/Content/Imported/Scene_206.uasset" 1853
"E:/Unreal Engine/Projects/Cheating_Maze/Content/Imported/Scene_206.uexp" 1854
"E:/Unreal Engine/Projects/Cheating_Maze/Content/Imported/Scene_207.ubulk" 1855
"E:/Unreal Engine/Projects/Cheating_Maze/Content/Imported/Scene_207.uasset" 1856
"E:/Unreal Engine/Projects/Cheating_Maze/Content/Imported/Scene_207.uexp" 1857
"E:/Unreal Engine/Projects/Cheating_Maze/Content/Imported/Scene_208.ubulk" 1858
"E:/Unreal Engine/Projects/Cheating_Maze/Content/Imported/Scene_208.uasset" 1859
"E:/Unreal Engine/Projects/Cheating_Maze/Content/Imported/Scene_208.uexp" 1860
"E:/Unreal Engine/Projects/Cheating_Maze/Content/Imported/Scene_209.ubulk" 1861
"E:/Unreal Engine/Projects/Cheating_Maze/Content/Imported/Scene_209.uasset" 1862
"E:/Unreal Engine/Projects/Cheating_Maze/Content/Imported/Scene_209.uexp" 1863
"E:/Unreal Engine/Projects/Cheating_Maze/Content/Imported/Scene_210.ubulk" 1864
"E:/Unreal Engine/Projects/Cheating_Maze/Content/Imported/Scene_210.uasset" 1865
"E:/Unreal Engine/Projects/Cheating_Maze/Content/Imported/Scene_210.uexp" 1866
"E:/Unreal Engine/Projects/Cheating_Maze/Content/Imported/Scene_211.ubulk" 1867
"E:/Unreal Engine/Projects/Cheating_Maze/Content/Imported/Scene_211.uasset" 1868
"E:/Unreal Engine/Projects/Cheating_Maze/Content/Imported/Scene_211.uexp" 1869
"E:/Unreal Engine/Projects/Cheating_Maze/Content/Imported/Scene_212.ubulk" 1870
"E:/Unreal Engine/Projects/Cheating_Maze/Content/Imported/Scene_212.uasset" 1871
"E:/Unreal Engine/Projects/Cheating_Maze/Content/Imported/Scene_212.uexp" 1872
"E:/Unreal Engine/Projects/Cheating_Maze/Content/Imported/Scene_213.ubulk" 1873
"E:/Unreal Engine/Projects/Cheating_Maze/Content/Imported/Scene_213.uasset" 1874
"E:/Unreal Engine/Projects/Cheating_Maze/Content/Imported/Scene_213.uexp" 1875
"E:/Unreal Engine/Projects/Cheating_Maze/Content/Imported/Scene_214.ubulk" 1876
"E:/Unreal Engine/Projects/Cheating_Maze/Content/Imported/Scene_214.uasset" 1877
"E:/Unreal Engine/Projects/Cheating_Maze/Content/Imported/Scene_214.uexp" 1878
"E:/Unreal Engine/Projects/Cheating_Maze/Content/Imported/Scene_215.ubulk" 1879
"E:/Unreal Engine/Projects/Cheating_Maze/Content/Imported/Scene_215.uasset" 1880
"E:/Unreal Engine/Projects/Cheating_Maze/Content/Imported/Scene_215.uexp" 1881
"E:/Unreal Engine/Projects/Cheating_Maze/Content/Imported/Scene_216.ubulk" 1882
"E:/Unreal Engine/Projects/Cheating_Maze/Content/Imported/Scene_216.uasset" 1883
"E:/Unreal Engine/Projects/Cheating_Maze/Content/Imported/Scene_216.uexp" 1884
"E:/Unreal Engine/Projects/Cheating_Maze/Content/Imported/Scene_217.ubulk" 1885
"E:/Unreal Engine/Projects/Cheating_Maze/Content/Imported/Scene_217.uasset" 1886
"E:/Unreal Engine/Projects/Cheating_Maze/Content/Imported/Scene_217.uexp" 1887
"E:/Unreal Engine/Projects/Cheating_Maze/Content/Imported/Scene_218.ubulk" 1888
"E:/Unreal Engine/Projects/Cheating_Maze/Content/Imported/Scene_218.uasset" 1889
"E:/Unreal Engine/Projects/Cheating_Maze/Content/Imported/Scene_218.uexp" 1890
"E:/Unreal Engine/Projects/Cheating_Maze/Content/Imported/Scene_219.ubulk" 1891
"E:/Unreal Engine/Projects/Cheating_Maze/Content/Imported/Scene_219.uasset" 1892
"E:/Unreal Engine/Projects/Cheating_Maze/Content/Imported/Scene_219.uexp" 1893
"E:/Unreal Engine/Projects/Cheating_Maze/Content/Imported/Scene_220.ubulk" 1894
"E:/Unreal Engine/Projects/Cheating_Maze/Content/Imported/Scene_220.uasset" 1895
"E:/Unreal Engine/Projects/Cheating_Maze/Content/Imported/Scene_220.uexp" 1896
"E:/Unreal Engine/Projects/Cheating_Maze/Content/Imported/Scene_221.ubulk" 1897
"E:/Unreal Engine/Projects/Cheating_Maze/Content/Imported/Scene_221.uasset" 1898
"E:/Unreal Engine/Projects/Cheating_Maze/Content/Imported/Scene_221.uexp" 1899
"E:/Unreal Engine/Projects/Cheating_Maze/Content/Imported/Scene_222.ubulk" 1900
"E:/Unreal Engine/Projects/Cheating_Maze/Content/Imported/Scene_222.uasset" 1901
"E:/Unreal Engine/Projects/Cheating_Maze/Content/Imported/Scene_222.uexp" 1902
"E:/Unreal Engine/Projects/Cheating_Maze/Content/Imported/Scene_223.ubulk" 1903
"E:/Unreal Engine/Projects/Cheating_Maze/Content/Imported/Scene_223.uasset" 1904
"E:/Unreal Engine/Projects/Cheating_Maze/Content/Imported/Scene_223.uexp" 1905
"E:/Unreal Engine/Projects/Cheating_Maze/Content/Imported/Scene_224.ubulk" 1906
"E:/Unreal Engine/Projects/Cheating_Maze/Content/Imported/Scene_224.uasset" 1907
"E:/Unreal Engine/Projects/Cheating_Maze/Content/Imported/Scene_224.uexp" 1908
"E:/Unreal Engine/Projects/Cheating_Maze/Content/Imported/Scene_225.ubulk" 1909
"E:/Unreal Engine/Projects/Cheating_Maze/Content/Imported/Scene_225.uasset" 1910
"E:/Unreal Engine/Projects/Cheating_Maze/Content/Imported/Scene_225.uexp" 1911
"E:/Unreal Engine/Projects/Cheating_Maze/Content/Imported/Scene_226.ubulk" 1912
"E:/Unreal Engine/Projects/Cheating_Maze/Content/Imported/Scene_226.uasset" 1913
"E:/Unreal Engine/Projects/Cheating_Maze/Content/Imported/Scene_226.uexp" 1914
"E:/Unreal Engine/Projects/Cheating_Maze/Content/Imported/Scene_227.ubulk" 1915
"E:/Unreal Engine/Projects/Cheating_Maze/Content/Imported/Scene_227.uasset" 1916
"E:/Unreal Engine/Projects/Cheating_Maze/Content/Imported/Scene_227.uexp" 1917
"E:/Unreal Engine/Projects/Cheating_Maze/Content/Imported/Scene_228.ubulk" 1918
"E:/Unreal Engine/Projects/Cheating_Maze/Content/Imported/Scene_228.uasset" 1919
"E:/Unreal Engine/Projects/Cheating_Maze/Content/Imported/Scene_228.uexp" 1920
"E:/Unreal Engine/Projects/Cheating_Maze/Content/Imported/Scene_229.ubulk" 1921
"E:/Unreal Engine/Projects/Cheating_Maze/Content/Imported/Scene_229.uasset" 1922
"E:/Unreal Engine/Projects/Cheating_Maze/Content/Imported/Scene_229.uexp" 1923
"E:/Unreal Engine/Projects/Cheating_Maze/Content/Imported/Scene_230.ubulk" 1924
"E:/Unreal Engine/Projects/Cheating_Maze/Content/Imported/Scene_230.uasset" 1925
"E:/Unreal Engine/Projects/Cheating_Maze/Content/Imported/Scene_230.uexp" 1926
"E:/Unreal Engine/Projects/Cheating_Maze/Content/Imported/Scene_231.ubulk" 1927
"E:/Unreal Engine/Projects/Cheating_Maze/Content/Imported/Scene_231.uasset" 1928
"E:/Unreal Engine/Projects/Cheating_Maze/Content/Imported/Scene_231.uexp" 1929
"E:/Unreal Engine/Projects/Cheating_Maze/Content/Imported/Scene_232.ubulk" 1930
"E:/Unreal Engine/Projects/Cheating_Maze/Content/Imported/Scene_232.uasset" 1931
"E:/Unreal Engine/Projects/Cheating_Maze/Content/Imported/Scene_232.uexp" 1932
"E:/Unreal Engine/Projects/Cheating_Maze/Content/Imported/Scene_233.ubulk" 1933
"E:/Unreal Engine/Projects/Cheating_Maze/Content/Imported/Scene_233.uasset" 1934
"E:/Unreal Engine/Projects/Cheating_Maze/Content/Imported/Scene_233.uexp" 1935
"E:/Unreal Engine/Projects/Cheating_Maze/Content/Imported/Scene_234.ubulk" 1936
"E:/Unreal Engine/Projects/Cheating_Maze/Content/Imported/Scene_234.uasset" 1937
"E:/Unreal Engine/Projects/Cheating_Maze/Content/Imported/Scene_234.uexp" 1938
"E:/Unreal Engine/Projects/Cheating_Maze/Content/Imported/Scene_235.ubulk" 1939
"E:/Unreal Engine/Projects/Cheating_Maze/Content/Imported/Scene_235.uasset" 1940
"E:/Unreal Engine/Projects/Cheating_Maze/Content/Imported/Scene_235.uexp" 1941
"E:/Unreal Engine/Projects/Cheating_Maze/Content/Imported/Scene_236.ubulk" 1942
"E:/Unreal Engine/Projects/Cheating_Maze/Content/Imported/Scene_236.uasset" 1943
"E:/Unreal Engine/Projects/Cheating_Maze/Content/Imported/Scene_236.uexp" 1944
"E:/Unreal Engine/Projects/Cheating_Maze/Content/Imported/Scene_237.ubulk" 1945
"E:/Unreal Engine/Projects/Cheating_Maze/Content/Imported/Scene_237.uasset" 1946
"E:/Unreal Engine/Projects/Cheating_Maze/Content/Imported/Scene_237.uexp" 1947
"E:/Unreal Engine/Projects/Cheating_Maze/Content/Imported/Scene_238.ubulk" 1948
"E:/Unreal Engine/Projects/Cheating_Maze/Content/Imported/Scene_238.uasset" 1949
"E:/Unreal Engine/Projects/Cheating_Maze/Content/Imported/Scene_238.uexp" 1950
"E:/Unreal Engine/Projects/Cheating_Maze/Content/Imported/Scene_239.ubulk" 1951
"E:/Unreal Engine/Projects/Cheating_Maze/Content/Imported/Scene_239.uasset" 1952
"E:/Unreal Engine/Projects/Cheating_Maze/Content/Imported/Scene_239.uexp" 1953
"E:/Unreal Engine/Projects/Cheating_Maze/Content/Imported/Scene_240.ubulk" 1954
"E:/Unreal Engine/Projects/Cheating_Maze/Content/Imported/Scene_240.uasset" 1955
"E:/Unreal Engine/Projects/Cheating_Maze/Content/Imported/Scene_240.uexp" 1956
"E:/Unreal Engine/Projects/Cheating_Maze/Content/Imported/Scene_241.ubulk" 1957
"E:/Unreal Engine/Projects/Cheating_Maze/Content/Imported/Scene_241.uasset" 1958
"E:/Unreal Engine/Projects/Cheating_Maze/Content/Imported/Scene_241.uexp" 1959
"E:/Unreal Engine/Projects/Cheating_Maze/Content/Imported/Scene_242.ubulk" 1960
"E:/Unreal Engine/Projects/Cheating_Maze/Content/Imported/Scene_242.uasset" 1961
"E:/Unreal Engine/Projects/Cheating_Maze/Content/Imported/Scene_242.uexp" 1962
"E:/Unreal Engine/Projects/Cheating_Maze/Content/Imported/Scene_243.ubulk" 1963
"E:/Unreal Engine/Projects/Cheating_Maze/Content/Imported/Scene_243.uasset" 1964
"E:/Unreal Engine/Projects/Cheating_Maze/Content/Imported/Scene_243.uexp" 1965
"E:/Unreal Engine/Projects/Cheating_Maze/Content/Imported/Scene_244.ubulk" 1966
"E:/Unreal Engine/Projects/Cheating_Maze/Content/Imported/Scene_244.uasset" 1967
"E:/Unreal Engine/Projects/Cheating_Maze/Content/Imported/Scene_244.uexp" 1968
"E:/Unreal Engine/Projects/Cheating_Maze/Content/Imported/Scene_245.ubulk" 1969
"E:/Unreal Engine/Projects/Cheating_Maze/Content/Imported/Scene_245.uasset" 1970
"E:/Unreal Engine/Projects/Cheating_Maze/Content/Imported/Scene_245.uexp" 1971
"E:/Unreal Engine/Projects/Cheating_Maze/Content/Imported/Scene_246.ubulk" 1972
"E:/Unreal Engine/Projects/Cheating_Maze/Content/Imported/Scene_246.uasset" 1973
"E:/Unreal Engine/Projects/Cheating_Maze/Content/Imported/Scene_246.uexp" 1974
"E:/Unreal Engine/Projects/Cheating_Maze/Content/Imported/Scene_247.ubulk" 1975
"E:/Unreal Engine/Projects/Cheating_Maze/Content/Imported/Scene_247.uasset" 1976
"E:/Unreal Engine/Projects/Cheating_Maze/Content/Imported/Scene_247.uexp" 1977
"E:/Unreal Engine/Projects/Cheating_Maze/Content/Imported/Scene_248.ubulk" 1978
"E:/Unreal Engine/Projects/Cheating_Maze/Content/Imported/Scene_248.uasset" 1979
"E:/Unreal Engine/Projects/Cheating_Maze/Content/Imported/Scene_248.uexp" 1980
"E:/Unreal Engine/Projects/Cheating_Maze/Content/Imported/Scene_249.ubulk" 1981
"E:/Unreal Engine/Projects/Cheating_Maze/Content/Imported/Scene_249.uasset" 1982
"E:/Unreal Engine/Projects/Cheating_Maze/Content/Imported/Scene_249.uexp" 1983
"E:/Unreal Engine/Projects/Cheating_Maze/Content/Imported/Scene_250.ubulk" 1984
"E:/Unreal Engine/Projects/Cheating_Maze/Content/Imported/Scene_250.uasset" 1985
"E:/Unreal Engine/Projects/Cheating_Maze/Content/Imported/Scene_250.uexp" 1986
"E:/Unreal Engine/Projects/Cheating_Maze/Content/Imported/Scene_251.ubulk" 1987
"E:/Unreal Engine/Projects/Cheating_Maze/Content/Imported/Scene_251.uasset" 1988
"E:/Unreal Engine/Projects/Cheating_Maze/Content/Imported/Scene_251.uexp" 1989
"E:/Unreal Engine/Projects/Cheating_Maze/Content/Imported/Scene_252.ubulk" 1990
"E:/Unreal Engine/Projects/Cheating_Maze/Content/Imported/Scene_252.uasset" 1991
"E:/Unreal Engine/Projects/Cheating_Maze/Content/Imported/Scene_252.uexp" 1992
"E:/Unreal Engine/Projects/Cheating_Maze/Content/Imported/Scene_253.ubulk" 1993
"E:/Unreal Engine/Projects/Cheating_Maze/Content/Imported/Scene_253.uasset" 1994
"E:/Unreal Engine/Projects/Cheating_Maze/Content/Imported/Scene_253.uexp" 1995
"E:/Unreal Engine/Projects/Cheating_Maze/Content/Imported/Scene_254.ubulk" 1996
"E:/Unreal Engine/Projects/Cheating_Maze/Content/Imported/Scene_254.uasset" 1997
"E:/Unreal Engine/Projects/Cheating_Maze/Content/Imported/Scene_254.uexp" 1998
"E:/Unreal Engine/Projects/Cheating_Maze/Content/Imported/Scene_255.ubulk" 1999
"E:/Unreal Engine/Projects/Cheating_Maze/Content/Imported/Scene_255.uasset" 2000
"E:/Unreal Engine/Projects/Cheating_Maze/Content/Imported/Scene_255.uexp" 2001
"E:/Unreal Engine/Projects/Cheating_Maze/Content/Imported/Scene_256.ubulk" 2002
"E:/Unreal Engine/Projects/Cheating_Maze/Content/Imported/Scene_256.uasset" 2003
"E:/Unreal Engine/Projects/Cheating_Maze/Content/Imported/Scene_256.uexp" 2004
"E:/Unreal Engine/Projects/Cheating_Maze/Content/Imported/Scene_257.ubulk" 2005
"E:/Unreal Engine/Projects/Cheating_Maze/Content/Imported/Scene_257.uasset" 2006
"E:/Unreal Engine/Projects/Cheating_Maze/Content/Imported/Scene_257.uexp" 2007
"E:/Unreal Engine/Projects/Cheating_Maze/Content/Imported/Scene_258.ubulk" 2008
"E:/Unreal Engine/Projects/Cheating_Maze/Content/Imported/Scene_258.uasset" 2009
"E:/Unreal Engine/Projects/Cheating_Maze/Content/Imported/Scene_258.uexp" 2010
"E:/Unreal Engine/Projects/Cheating_Maze/Content/Imported/Scene_259.ubulk" 2011
"E:/Unreal Engine/Projects/Cheating_Maze/Content/Imported/Scene_259.uasset" 2012
"E:/Unreal Engine/Projects/Cheating_Maze/Content/Imported/Scene_259.uexp" 2013
"E:/Unreal Engine/Projects/Cheating_Maze/Content/Imported/Scene_260.ubulk" 2014
"E:/Unreal Engine/Projects/Cheating_Maze/Content/Imported/Scene_260.uasset" 2015
"E:/Unreal Engine/Projects/Cheating_Maze/Content/Imported/Scene_260.uexp" 2016
"E:/Unreal Engine/Projects/Cheating_Maze/Content/Imported/Scene_261.ubulk" 2017
"E:/Unreal Engine/Projects/Cheating_Maze/Content/Imported/Scene_261.uasset" 2018
"E:/Unreal Engine/Projects/Cheating_Maze/Content/Imported/Scene_261.uexp" 2019
"E:/Unreal Engine/Projects/Cheating_Maze/Content/Imported/Scene_262.ubulk" 2020
"E:/Unreal Engine/Projects/Cheating_Maze/Content/Imported/Scene_262.uasset" 2021
"E:/Unreal Engine/Projects/Cheating_Maze/Content/Imported/Scene_262.uexp" 2022
"E:/Unreal Engine/Projects/Cheating_Maze/Content/Imported/Scene_263.ubulk" 2023
"E:/Unreal Engine/Projects/Cheating_Maze/Content/Imported/Scene_263.uasset" 2024
"E:/Unreal Engine/Projects/Cheating_Maze/Content/Imported/Scene_263.uexp" 2025
"E:/Unreal Engine/Projects/Cheating_Maze/Content/Imported/Scene_264.ubulk" 2026
"E:/Unreal Engine/Projects/Cheating_Maze/Content/Imported/Scene_264.uasset" 2027
"E:/Unreal Engine/Projects/Cheating_Maze/Content/Imported/Scene_264.uexp" 2028
"E:/Unreal Engine/Projects/Cheating_Maze/Content/Imported/Scene_265.ubulk" 2029
"E:/Unreal Engine/Projects/Cheating_Maze/Content/Imported/Scene_265.uasset" 2030
"E:/Unreal Engine/Projects/Cheating_Maze/Content/Imported/Scene_265.uexp" 2031
"E:/Unreal Engine/Projects/Cheating_Maze/Content/Imported/Scene_266.ubulk" 2032
"E:/Unreal Engine/Projects/Cheating_Maze/Content/Imported/Scene_266.uasset" 2033
"E:/Unreal Engine/Projects/Cheating_Maze/Content/Imported/Scene_266.uexp" 2034
"E:/Unreal Engine/Projects/Cheating_Maze/Content/Imported/Scene_267.ubulk" 2035
"E:/Unreal Engine/Projects/Cheating_Maze/Content/Imported/Scene_267.uasset" 2036
"E:/Unreal Engine/Projects/Cheating_Maze/Content/Imported/Scene_267.uexp" 2037
"E:/Unreal Engine/Projects/Cheating_Maze/Content/Imported/Scene_268.ubulk" 2038
"E:/Unreal Engine/Projects/Cheating_Maze/Content/Imported/Scene_268.uasset" 2039
"E:/Unreal Engine/Projects/Cheating_Maze/Content/Imported/Scene_268.uexp" 2040
"E:/Unreal Engine/Projects/Cheating_Maze/Content/Imported/Scene_269.ubulk" 2041
"E:/Unreal Engine/Projects/Cheating_Maze/Content/Imported/Scene_269.uasset" 2042
"E:/Unreal Engine/Projects/Cheating_Maze/Content/Imported/Scene_269.uexp" 2043
"E:/Unreal Engine/Projects/Cheating_Maze/Content/Imported/Scene_270.ubulk" 2044
"E:/Unreal Engine/Projects/Cheating_Maze/Content/Imported/Scene_270.uasset" 2045
"E:/Unreal Engine/Projects/Cheating_Maze/Content/Imported/Scene_270.uexp" 2046
"E:/Unreal Engine/Projects/Cheating_Maze/Content/Imported/Scene_271.ubulk" 2047
"E:/Unreal Engine/Projects/Cheating_Maze/Content/Imported/Scene_271.uasset" 2048
"E:/Unreal Engine/Projects/Cheating_Maze/Content/Imported/Scene_271.uexp" 2049
"E:/Unreal Engine/Projects/Cheating_Maze/Content/Imported/Scene_272.ubulk" 2050
"E:/Unreal Engine/Projects/Cheating_Maze/Content/Imported/Scene_272.uasset" 2051
"E:/Unreal Engine/Projects/Cheating_Maze/Content/Imported/Scene_272.uexp" 2052
"E:/Unreal Engine/Projects/Cheating_Maze/Content/Imported/Scene_273.ubulk" 2053
"E:/Unreal Engine/Projects/Cheating_Maze/Content/Imported/Scene_273.uasset" 2054
"E:/Unreal Engine/Projects/Cheating_Maze/Content/Imported/Scene_273.uexp" 2055
"E:/Unreal Engine/Projects/Cheating_Maze/Content/Imported/Scene_274.ubulk" 2056
"E:/Unreal Engine/Projects/Cheating_Maze/Content/Imported/Scene_274.uasset" 2057
"E:/Unreal Engine/Projects/Cheating_Maze/Content/Imported/Scene_274.uexp" 2058
"E:/Unreal Engine/Projects/Cheating_Maze/Content/Imported/Scene_275.ubulk" 2059
"E:/Unreal Engine/Projects/Cheating_Maze/Content/Imported/Scene_275.uasset" 2060
"E:/Unreal Engine/Projects/Cheating_Maze/Content/Imported/Scene_275.uexp" 2061
"E:/Unreal Engine/Projects/Cheating_Maze/Content/Imported/Scene_276.ubulk" 2062
"E:/Unreal Engine/Projects/Cheating_Maze/Content/Imported/Scene_276.uasset" 2063
"E:/Unreal Engine/Projects/Cheating_Maze/Content/Imported/Scene_276.uexp" 2064
"E:/Unreal Engine/Projects/Cheating_Maze/Content/Imported/Scene_277.ubulk" 2065
"E:/Unreal Engine/Projects/Cheating_Maze/Content/Imported/Scene_277.uasset" 2066
"E:/Unreal Engine/Projects/Cheating_Maze/Content/Imported/Scene_277.uexp" 2067
"E:/Unreal Engine/Projects/Cheating_Maze/Content/Imported/Scene_278.ubulk" 2068
"E:/Unreal Engine/Projects/Cheating_Maze/Content/Imported/Scene_278.uasset" 2069
"E:/Unreal Engine/Projects/Cheating_Maze/Content/Imported/Scene_278.uexp" 2070
"E:/Unreal Engine/Projects/Cheating_Maze/Content/Imported/Scene_279.ubulk" 2071
"E:/Unreal Engine/Projects/Cheating_Maze/Content/Imported/Scene_279.uasset" 2072
"E:/Unreal Engine/Projects/Cheating_Maze/Content/Imported/Scene_279.uexp" 2073
"E:/Unreal Engine/Projects/Cheating_Maze/Content/Imported/Scene_280.ubulk" 2074
"E:/Unreal Engine/Projects/Cheating_Maze/Content/Imported/Scene_280.uasset" 2075
"E:/Unreal Engine/Projects/Cheating_Maze/Content/Imported/Scene_280.uexp" 2076
"E:/Unreal Engine/Projects/Cheating_Maze/Content/Imported/Scene_281.ubulk" 2077
"E:/Unreal Engine/Projects/Cheating_Maze/Content/Imported/Scene_281.uasset" 2078
"E:/Unreal Engine/Projects/Cheating_Maze/Content/Imported/Scene_281.uexp" 2079
"E:/Unreal Engine/Projects/Cheating_Maze/Content/Imported/Scene_282.ubulk" 2080
"E:/Unreal Engine/Projects/Cheating_Maze/Content/Imported/Scene_282.uasset" 2081
"E:/Unreal Engine/Projects/Cheating_Maze/Content/Imported/Scene_282.uexp" 2082
"E:/Unreal Engine/Projects/Cheating_Maze/Content/Imported/Scene_283.ubulk" 2083
"E:/Unreal Engine/Projects/Cheating_Maze/Content/Imported/Scene_283.uasset" 2084
"E:/Unreal Engine/Projects/Cheating_Maze/Content/Imported/Scene_283.uexp" 2085
"E:/Unreal Engine/Projects/Cheating_Maze/Content/Imported/Scene_284.ubulk" 2086
"E:/Unreal Engine/Projects/Cheating_Maze/Content/Imported/Scene_284.uasset" 2087
"E:/Unreal Engine/Projects/Cheating_Maze/Content/Imported/Scene_284.uexp" 2088
"E:/Unreal Engine/Projects/Cheating_Maze/Content/Imported/Scene_285.ubulk" 2089
"E:/Unreal Engine/Projects/Cheating_Maze/Content/Imported/Scene_285.uasset" 2090
"E:/Unreal Engine/Projects/Cheating_Maze/Content/Imported/Scene_285.uexp" 2091
"E:/Unreal Engine/Projects/Cheating_Maze/Content/Imported/Scene_286.ubulk" 2092
"E:/Unreal Engine/Projects/Cheating_Maze/Content/Imported/Scene_286.uasset" 2093
"E:/Unreal Engine/Projects/Cheating_Maze/Content/Imported/Scene_286.uexp" 2094
"E:/Unreal Engine/Projects/Cheating_Maze/Content/Imported/Scene_287.ubulk" 2095
"E:/Unreal Engine/Projects/Cheating_Maze/Content/Imported/Scene_287.uasset" 2096
"E:/Unreal Engine/Projects/Cheating_Maze/Content/Imported/Scene_287.uexp" 2097
"E:/Unreal Engine/Projects/Cheating_Maze/Content/Imported/Scene_288.ubulk" 2098
"E:/Unreal Engine/Projects/Cheating_Maze/Content/Imported/Scene_288.uasset" 2099
"E:/Unreal Engine/Projects/Cheating_Maze/Content/Imported/Scene_288.uexp" 2100
"E:/Unreal Engine/Projects/Cheating_Maze/Content/Imported/Scene_289.ubulk" 2101
"E:/Unreal Engine/Projects/Cheating_Maze/Content/Imported/Scene_289.uasset" 2102
"E:/Unreal Engine/Projects/Cheating_Maze/Content/Imported/Scene_289.uexp" 2103
"E:/Unreal Engine/Projects/Cheating_Maze/Content/Imported/Scene_290.ubulk" 2104
"E:/Unreal Engine/Projects/Cheating_Maze/Content/Imported/Scene_290.uasset" 2105
"E:/Unreal Engine/Projects/Cheating_Maze/Content/Imported/Scene_290.uexp" 2106
"E:/Unreal Engine/Projects/Cheating_Maze/Content/Imported/Scene_291.ubulk" 2107
"E:/Unreal Engine/Projects/Cheating_Maze/Content/Imported/Scene_291.uasset" 2108
"E:/Unreal Engine/Projects/Cheating_Maze/Content/Imported/Scene_291.uexp" 2109
"E:/Unreal Engine/Projects/Cheating_Maze/Content/Imported/Scene_292.ubulk" 2110
"E:/Unreal Engine/Projects/Cheating_Maze/Content/Imported/Scene_292.uasset" 2111
"E:/Unreal Engine/Projects/Cheating_Maze/Content/Imported/Scene_292.uexp" 2112
"E:/Unreal Engine/Projects/Cheating_Maze/Content/Imported/Scene_293.ubulk" 2113
"E:/Unreal Engine/Projects/Cheating_Maze/Content/Imported/Scene_293.uasset" 2114
"E:/Unreal Engine/Projects/Cheating_Maze/Content/Imported/Scene_293.uexp" 2115
"E:/Unreal Engine/Projects/Cheating_Maze/Content/Imported/Scene_294.ubulk" 2116
"E:/Unreal Engine/Projects/Cheating_Maze/Content/Imported/Scene_294.uasset" 2117
"E:/Unreal Engine/Projects/Cheating_Maze/Content/Imported/Scene_294.uexp" 2118
"E:/Unreal Engine/Projects/Cheating_Maze/Content/Imported/Scene_295.ubulk" 2119
"E:/Unreal Engine/Projects/Cheating_Maze/Content/Imported/Scene_295.uasset" 2120
"E:/Unreal Engine/Projects/Cheating_Maze/Content/Imported/Scene_295.uexp" 2121
"E:/Unreal Engine/Projects/Cheating_Maze/Content/Imported/Scene_296.ubulk" 2122
"E:/Unreal Engine/Projects/Cheating_Maze/Content/Imported/Scene_296.uasset" 2123
"E:/Unreal Engine/Projects/Cheating_Maze/Content/Imported/Scene_296.uexp" 2124
"E:/Unreal Engine/Projects/Cheating_Maze/Content/Imported/Scene_297.ubulk" 2125
"E:/Unreal Engine/Projects/Cheating_Maze/Content/Imported/Scene_297.uasset" 2126
"E:/Unreal Engine/Projects/Cheating_Maze/Content/Imported/Scene_297.uexp" 2127
"E:/Unreal Engine/Projects/Cheating_Maze/Content/Imported/Scene_298.ubulk" 2128
"E:/Unreal Engine/Projects/Cheating_Maze/Content/Imported/Scene_298.uasset" 2129
"E:/Unreal Engine/Projects/Cheating_Maze/Content/Imported/Scene_298.uexp" 2130
"E:/Unreal Engine/Projects/Cheating_Maze/Content/Imported/Scene_299.ubulk" 2131
"E:/Unreal Engine/Projects/Cheating_Maze/Content/Imported/Scene_299.uasset" 2132
"E:/Unreal Engine/Projects/Cheating_Maze/Content/Imported/Scene_299.uexp" 2133
"E:/Unreal Engine/Projects/Cheating_Maze/Content/Imported/Scene_300.ubulk" 2134
"E:/Unreal Engine/Projects/Cheating_Maze/Content/Imported/Scene_300.uasset" 2135
"E:/Unreal Engine/Projects/Cheating_Maze/Content/Imported/Scene_300.uexp" 2136
"../../../Engine/Content/EngineSky/VolumetricClouds/VT_PerlinWorley_Balanced.uasset" 2137
"../../../Engine/Content/EngineSky/VolumetricClouds/VT_PerlinWorley_Balanced.uexp" 2138
"../../../Engine/Content/EngineSky/VolumetricClouds/T_Profile_08.ubulk" 2139
"../../../Engine/Content/EngineSky/VolumetricClouds/T_Profile_08.uasset" 2140
"../../../Engine/Content/EngineSky/VolumetricClouds/T_Profile_08.uexp" 2141
"../../../Engine/Content/EngineSky/VolumetricClouds/T_CloudPattern.ubulk" 2142
"../../../Engine/Content/EngineSky/VolumetricClouds/T_CloudPattern.uasset" 2143
"../../../Engine/Content/EngineSky/VolumetricClouds/T_CloudPattern.uexp" 2144
"../../../Engine/Content/EngineSky/VolumetricClouds/T_CloudMask.ubulk" 2145
"../../../Engine/Content/EngineSky/VolumetricClouds/T_CloudMask.uasset" 2146
"../../../Engine/Content/EngineSky/VolumetricClouds/T_CloudMask.uexp" 2147
"../../../Engine/Content/Functions/Engine_MaterialFunctions02/Utility/BreakOutFloat4Components.uasset" 2148
"../../../Engine/Content/Functions/Engine_MaterialFunctions02/Utility/BreakOutFloat4Components.uexp" 2149
"../../../Engine/Content/Functions/Engine_MaterialFunctions02/Utility/MakeFloat4.uasset" 2150
"../../../Engine/Content/Functions/Engine_MaterialFunctions02/Utility/MakeFloat4.uexp" 2151
"../../../Engine/Content/EngineResources/DefaultVolumeTexture2D.uasset" 2152
"../../../Engine/Content/EngineResources/DefaultVolumeTexture2D.uexp" 2153
"../../../Engine/Content/EngineResources/DefaultVolumeTexture.uasset" 2154
"../../../Engine/Content/EngineResources/DefaultVolumeTexture.uexp" 2155
"../../../Engine/Content/EngineSky/VolumetricClouds/VT_Lightning.uasset" 2156
"../../../Engine/Content/EngineSky/VolumetricClouds/VT_Lightning.uexp" 2157
"../../../Engine/Content/Functions/Engine_MaterialFunctions01/Units/Km-to-Cm.uasset" 2158
"../../../Engine/Content/Functions/Engine_MaterialFunctions01/Units/Km-to-Cm.uexp" 2159
"../../../Engine/Content/EngineSky/VolumetricClouds/m_SimpleVolumetricCloud.uasset" 2160
"../../../Engine/Content/EngineSky/VolumetricClouds/m_SimpleVolumetricCloud.uexp" 2161
"../../../Engine/Content/EngineSky/VolumetricClouds/m_SimpleVolumetricCloud_Inst.uasset" 2162
"../../../Engine/Content/EngineSky/VolumetricClouds/m_SimpleVolumetricCloud_Inst.uexp" 2163
"E:/Unreal Engine/Projects/Cheating_Maze/Content/Audio/AU_Console_Whine_Constant.ubulk" 2164
"E:/Unreal Engine/Projects/Cheating_Maze/Content/Audio/AU_Console_Whine_Constant.uasset" 2165
"E:/Unreal Engine/Projects/Cheating_Maze/Content/Audio/AU_Console_Whine_Constant.uexp" 2166
"E:/Unreal Engine/Projects/Cheating_Maze/Content/Audio/AU_Console_Whine_Change.ubulk" 2167
"E:/Unreal Engine/Projects/Cheating_Maze/Content/Audio/AU_Console_Whine_Change.uasset" 2168
"E:/Unreal Engine/Projects/Cheating_Maze/Content/Audio/AU_Console_Whine_Change.uexp" 2169
"E:/Unreal Engine/Projects/Cheating_Maze/Content/Audio/Attenuation/SA_Console.uasset" 2170
"E:/Unreal Engine/Projects/Cheating_Maze/Content/Audio/Attenuation/SA_Console.uexp" 2171
"E:/Unreal Engine/Projects/Cheating_Maze/Content/Audio/MetaSounds/MS_Console_Ambience.uasset" 2172
"E:/Unreal Engine/Projects/Cheating_Maze/Content/Audio/MetaSounds/MS_Console_Ambience.uexp" 2173
"E:/Unreal Engine/Projects/Cheating_Maze/Content/Audio/AU_Space_Ambience.ubulk" 2174
"E:/Unreal Engine/Projects/Cheating_Maze/Content/Audio/AU_Space_Ambience.uasset" 2175
"E:/Unreal Engine/Projects/Cheating_Maze/Content/Audio/AU_Space_Ambience.uexp" 2176
"E:/Unreal Engine/Projects/Cheating_Maze/Content/Audio/Attenuation/SA_Ambience.uasset" 2177
"E:/Unreal Engine/Projects/Cheating_Maze/Content/Audio/Attenuation/SA_Ambience.uexp" 2178
"E:/Unreal Engine/Projects/Cheating_Maze/Content/Audio/MetaSounds/MS_Space_Ambience.uasset" 2179
"E:/Unreal Engine/Projects/Cheating_Maze/Content/Audio/MetaSounds/MS_Space_Ambience.uexp" 2180
"E:/Unreal Engine/Projects/Cheating_Maze/Content/Maps/Main.uexp" 2181
"E:/Unreal Engine/Projects/Cheating_Maze/Content/Maps/Main.umap" 2182
